,SynCom17_Burkholderia_sp._OAS925,SynCom17_Rhizobium_sp._OAE497,SynCom17_Mucilaginibacter_sp._OAE612,SynCom17_Variovorax_sp._OAS795,SynCom17_Rhodococcus_sp._OAS809,SynCom17_Methylobacterium_sp._OAE515,SynCom17_Lysobacter_sp._OAE881,SynCom17_Bacillus_sp._OAE603,SynCom17_Niastella_sp._OAS944,SynCom17_Bosea_sp._OAE506,SynCom17_Paenibacillus_sp._OAE614,SynCom17_Chitinophaga_sp._OAE865,SynCom17_Arthrobacter_sp._OAP107,SynCom17_Brevibacillus_sp._OAP136,SynCom17_Bradyrhizobium_sp._OAE829,SynCom17_Mycobacterium_sp._OAE908,Bacteroides_graminisolvens,Zymo_Salmonella_enterica_16S_1,Cedecea_neteri,Burkholderia_dilworthii,Paucibacter_toxinivorans,Rhizobium_pusense,Pseudomonas_guangdongensis,Zymo_Pseudomonas_aeruginosa_16S_1,Pseudomonas_corrugata,Zymo_Listeria_monocytogenes_16S_1,Mucilaginibacter_polysacchareus,Paenibacillus_pocheonensis,Zymo_Lactobacillus_fermentum_16S_1,Rhizobium_calliandrae,Microbacterium_oxydans,Plant_Mit_1_zhh47,Pseudomonas_straminea,Tolumonas_auensis,Zymo_Staphylococcus_aureus_16S_1,Chryseobacterium_molle,Chloroplast_1_zhh33,Zymo_Salmonella_enterica_16S_2,Mucilaginibacter_sabulilitoris,Chitinophaga_polysaccharea,Variovorax_ginsengisoli,Zymo_Escherichia_coli_16S_1,Aeromonas_salmonicida_subsp._achromogenes,Escherichia_fergusonii,Acidovorax_avenae,Zymo_Bacillus_subtilis_16S_1,Variovorax_paradoxus,Bacillus_azotoformans,Bacillus_safensis,Cronobacter_muytjensii,Burkholderia_phenoliruptrix,Stenotrophomonas_maltophilia,Burkholderia_sacchari,Burkholderia_terrestris,Mucilaginibacter_flavus,Paenibacillus_elgii,Lysobacter_soli,Alishewanella_agri,Curvibacter_fontanus,Microbacterium_panaciterrae,Bacillus_mojavensis,Lactobacillus_fermentum,Pseudomonas_lini,Zymo_Enterococcus_faecalis_16S_1,Salmonella_enterica_subsp._arizonae,Pseudomonas_brenneri,Sum,SynSum,ZymSum,PlantSum,OtherSum,Campaign_Name,Set_Sample_Number,Sample_Type,Growth_Method,Plant,Inoculated,Spiked,Inoc_Day,Harvest_Day,Inoc_Assay_Length,G1,G2,G3,G4
926R_inline18_IT061,102,60,161,112,4,4,52,105,156,9,84,240,15,7,4,0,0,0,0,0,0,0,0,30,4,41,0,0,289,0,0,0,0,0,81,0,0,313,0,0,0,312,0,0,0,313,0,0,0,0,0,0,0,0,0,0,0,0,0,4,0,0,0,37,0,5,2544,1115,1416,0,13,G1 R1 _U,6,unattached sand,EcoFAB,None,Yes,No,0,0,0,unattached sand_EcoFAB_None_Yes_0,unattached sand_EcoFAB_None_Yes_0,unattached sand_EcoFAB_None_Yes_0_0,unattached sand_EcoFAB_None_Yes_0_0_0
926R_inline18_IT073,62,60,170,152,0,4,36,65,121,0,49,430,13,12,0,0,0,0,0,0,0,0,0,33,0,15,0,0,290,0,0,0,0,0,102,0,0,221,0,0,0,256,0,0,0,244,0,0,0,0,0,0,0,0,0,0,0,0,0,0,0,0,0,30,0,0,2365,1174,1191,0,0,G1 R2 _U,7,unattached sand,EcoFAB,None,Yes,No,0,0,0,unattached sand_EcoFAB_None_Yes_0,unattached sand_EcoFAB_None_Yes_0,unattached sand_EcoFAB_None_Yes_0_0,unattached sand_EcoFAB_None_Yes_0_0_0
926R_inline18_IT085,23,27,62,63,0,0,18,32,60,0,28,105,6,0,0,0,0,0,0,0,0,0,0,64,0,91,0,0,575,0,0,0,0,0,206,0,0,661,0,0,0,719,0,0,0,591,0,0,0,0,0,0,0,0,0,0,0,0,0,0,0,0,0,99,0,0,3430,424,3006,0,0,G1 R3 _U,8,unattached sand,EcoFAB,None,Yes,No,0,0,0,unattached sand_EcoFAB_None_Yes_0,unattached sand_EcoFAB_None_Yes_0,unattached sand_EcoFAB_None_Yes_0_0,unattached sand_EcoFAB_None_Yes_0_0_0
926R_inline19_IT062,773,929,597,650,532,56,62,8,0,23,5,0,7,6,0,0,0,0,0,0,0,0,0,0,0,0,0,0,0,0,0,0,0,0,0,0,12,0,0,0,0,0,0,0,0,0,0,0,0,0,0,0,0,0,0,0,0,0,0,0,0,0,0,0,0,0,3660,3648,0,12,0,G10 R1 _A,110,Attached sand,EcoFAB,Brachypodium,Yes,No,0,21,21,Attached sand_EcoFAB_Brachypodium_Yes_0,Attached sand_EcoFAB_Brachypodium_Yes_21,Attached sand_EcoFAB_Brachypodium_Yes_0_21,Attached sand_EcoFAB_Brachypodium_Yes_0_21_21
926R_inline19_IT069,963,224,5,33,9,79,136,17,0,0,0,0,9,0,0,0,0,0,0,0,0,0,0,0,0,0,0,0,0,0,0,264,0,0,0,0,1311,0,0,0,0,0,0,0,0,0,0,0,0,0,0,0,0,0,0,0,0,0,0,0,0,0,0,0,0,0,3050,1475,0,1575,0,G10 R1 _R,166,Root,EcoFAB,Brachypodium,Yes,No,0,21,21,Root_EcoFAB_Brachypodium_Yes_0,Root_EcoFAB_Brachypodium_Yes_21,Root_EcoFAB_Brachypodium_Yes_0_21,Root_EcoFAB_Brachypodium_Yes_0_21_21
926R_inline18_IT031,342,350,1006,1824,78,44,7,0,0,7,0,0,0,19,0,0,0,0,0,0,0,0,0,0,0,0,0,0,0,0,0,0,0,0,0,0,0,0,0,0,0,0,0,0,0,0,0,0,0,0,0,0,0,0,0,0,0,0,0,0,0,0,0,0,0,0,3677,3677,0,0,0,G10 R1 _U,51,unattached sand,EcoFAB,Brachypodium,Yes,No,0,21,21,unattached sand_EcoFAB_Brachypodium_Yes_0,unattached sand_EcoFAB_Brachypodium_Yes_21,unattached sand_EcoFAB_Brachypodium_Yes_0_21,unattached sand_EcoFAB_Brachypodium_Yes_0_21_21
926R_inline19_IT074,1721,997,693,814,77,37,14,0,8,13,0,0,0,0,0,0,0,0,0,0,8,0,0,0,0,0,4,0,0,10,0,10,0,0,0,0,25,0,0,0,0,0,0,0,0,0,0,0,0,0,0,0,0,0,0,0,0,0,0,0,0,0,0,0,0,0,4431,4374,0,35,22,G10 R2 _A,111,Attached sand,EcoFAB,Brachypodium,Yes,No,0,21,21,Attached sand_EcoFAB_Brachypodium_Yes_0,Attached sand_EcoFAB_Brachypodium_Yes_21,Attached sand_EcoFAB_Brachypodium_Yes_0_21,Attached sand_EcoFAB_Brachypodium_Yes_0_21_21
926R_inline19_IT081,143,35,0,19,0,5,5,0,0,0,0,0,0,0,0,0,0,0,0,0,0,0,0,0,0,0,0,0,0,0,0,2226,0,0,0,0,3877,0,0,0,0,0,0,0,0,0,0,0,0,0,0,0,0,0,0,0,0,0,0,0,0,0,0,0,0,0,6310,207,0,6103,0,G10 R2 _R,167,Root,EcoFAB,Brachypodium,Yes,No,0,21,21,Root_EcoFAB_Brachypodium_Yes_0,Root_EcoFAB_Brachypodium_Yes_21,Root_EcoFAB_Brachypodium_Yes_0_21,Root_EcoFAB_Brachypodium_Yes_0_21_21
926R_inline18_IT043,886,132,692,1065,57,15,7,0,10,4,0,0,0,0,0,0,0,0,0,0,0,0,0,0,0,0,0,0,0,0,0,4,0,0,0,0,6,0,0,0,0,0,0,0,0,0,0,0,0,0,0,0,0,0,0,0,0,0,0,0,0,0,0,0,0,0,2878,2868,0,10,0,G10 R2 _U,52,unattached sand,EcoFAB,Brachypodium,Yes,No,0,21,21,unattached sand_EcoFAB_Brachypodium_Yes_0,unattached sand_EcoFAB_Brachypodium_Yes_21,unattached sand_EcoFAB_Brachypodium_Yes_0_21,unattached sand_EcoFAB_Brachypodium_Yes_0_21_21
926R_inline18_IT055,381,203,345,1861,6,10,0,0,9,5,0,0,0,0,0,0,0,0,0,0,0,0,0,0,0,0,0,0,0,0,0,0,0,0,0,0,0,0,0,0,0,0,0,0,0,0,0,0,0,0,0,0,0,0,0,0,0,0,0,0,0,0,0,0,0,0,2820,2820,0,0,0,G10 R3 _U,53,unattached sand,EcoFAB,Brachypodium,Yes,No,0,21,21,unattached sand_EcoFAB_Brachypodium_Yes_0,unattached sand_EcoFAB_Brachypodium_Yes_21,unattached sand_EcoFAB_Brachypodium_Yes_0_21,unattached sand_EcoFAB_Brachypodium_Yes_0_21_21
926R_inline19_IT003,2887,1316,789,1004,79,71,30,0,4,40,0,0,0,0,0,0,0,0,0,0,0,0,0,0,0,0,0,0,0,0,0,10,0,0,0,0,31,0,0,0,0,0,0,0,0,0,0,0,0,0,0,0,0,0,0,0,0,0,0,0,0,0,0,0,0,0,6261,6220,0,41,0,G10 R4 _A,113,Attached sand,EcoFAB,Brachypodium,Yes,No,0,21,21,Attached sand_EcoFAB_Brachypodium_Yes_0,Attached sand_EcoFAB_Brachypodium_Yes_21,Attached sand_EcoFAB_Brachypodium_Yes_0_21,Attached sand_EcoFAB_Brachypodium_Yes_0_21_21
926R_inline19_IT010,211,186,0,5,0,10,37,0,0,0,0,0,0,0,0,0,0,0,0,0,0,0,0,0,0,0,0,0,0,0,0,765,0,0,0,0,2200,0,0,0,0,0,0,0,0,0,0,0,0,0,0,0,0,0,0,0,0,0,0,0,0,0,0,0,0,0,3414,449,0,2965,0,G10 R4 _R,169,Root,EcoFAB,Brachypodium,Yes,No,0,21,21,Root_EcoFAB_Brachypodium_Yes_0,Root_EcoFAB_Brachypodium_Yes_21,Root_EcoFAB_Brachypodium_Yes_0_21,Root_EcoFAB_Brachypodium_Yes_0_21_21
926R_inline18_IT067,740,336,493,1431,16,34,8,0,0,18,0,0,0,0,0,0,0,0,0,0,0,0,0,0,0,0,0,0,0,0,0,0,0,0,0,0,0,0,0,0,0,0,0,0,0,0,0,0,0,0,0,0,0,0,0,0,0,0,0,0,0,0,0,0,0,0,3076,3076,0,0,0,G10 R4 _U,54,unattached sand,EcoFAB,Brachypodium,Yes,No,0,21,21,unattached sand_EcoFAB_Brachypodium_Yes_0,unattached sand_EcoFAB_Brachypodium_Yes_21,unattached sand_EcoFAB_Brachypodium_Yes_0_21,unattached sand_EcoFAB_Brachypodium_Yes_0_21_21
926R_inline19_IT015,4674,1925,721,750,70,87,125,0,15,25,0,0,0,0,0,0,0,0,0,0,9,0,0,0,0,0,6,0,0,18,0,15,0,0,0,0,19,0,0,0,0,0,0,0,0,0,0,0,0,0,0,0,0,0,0,0,5,0,5,0,0,0,0,0,0,0,8469,8392,0,34,43,G10 R5 _A,114,Attached sand,EcoFAB,Brachypodium,Yes,No,0,21,21,Attached sand_EcoFAB_Brachypodium_Yes_0,Attached sand_EcoFAB_Brachypodium_Yes_21,Attached sand_EcoFAB_Brachypodium_Yes_0_21,Attached sand_EcoFAB_Brachypodium_Yes_0_21_21
926R_inline19_IT022,78,0,0,5,0,5,0,0,0,0,0,0,0,0,0,0,0,0,0,0,0,0,0,0,0,0,0,0,0,0,0,1710,0,0,0,0,2874,0,0,0,0,0,0,0,0,0,0,0,0,0,0,0,0,0,0,0,0,0,0,0,0,0,0,0,0,0,4672,88,0,4584,0,G10 R5 _R,170,Root,EcoFAB,Brachypodium,Yes,No,0,21,21,Root_EcoFAB_Brachypodium_Yes_0,Root_EcoFAB_Brachypodium_Yes_21,Root_EcoFAB_Brachypodium_Yes_0_21,Root_EcoFAB_Brachypodium_Yes_0_21_21
926R_inline18_IT079,909,210,337,1496,0,12,25,0,11,5,0,0,0,0,0,0,0,0,0,0,0,0,0,0,0,0,0,0,0,0,0,0,0,0,0,0,0,0,0,0,0,0,0,0,0,0,0,0,0,0,0,0,0,0,0,0,0,0,0,0,0,0,0,0,0,0,3005,3005,0,0,0,G10 R5 _U,55,unattached sand,EcoFAB,Brachypodium,Yes,No,0,21,21,unattached sand_EcoFAB_Brachypodium_Yes_0,unattached sand_EcoFAB_Brachypodium_Yes_21,unattached sand_EcoFAB_Brachypodium_Yes_0_21,unattached sand_EcoFAB_Brachypodium_Yes_0_21_21
926R_inline19_IT027,3049,2535,1393,458,673,80,77,0,62,22,0,272,0,4,10,0,0,0,0,4,0,0,0,0,0,0,19,0,0,0,0,14,0,0,0,0,14,0,0,5,0,0,0,0,0,0,0,0,0,0,0,0,0,0,0,0,5,0,0,0,0,0,0,0,0,0,8696,8635,0,28,33,G10 R6 _A,115,Attached sand,EcoFAB,Brachypodium,Yes,No,0,21,21,Attached sand_EcoFAB_Brachypodium_Yes_0,Attached sand_EcoFAB_Brachypodium_Yes_21,Attached sand_EcoFAB_Brachypodium_Yes_0_21,Attached sand_EcoFAB_Brachypodium_Yes_0_21_21
926R_inline19_IT034,78,7,0,0,0,0,4,0,0,0,0,0,0,0,0,0,0,0,0,0,0,0,0,0,0,0,0,0,0,0,0,714,0,0,0,0,1432,0,0,0,0,0,0,0,0,0,0,0,0,0,0,0,0,0,0,0,0,0,0,0,0,0,0,0,0,0,2235,89,0,2146,0,G10 R6 _R,171,Root,EcoFAB,Brachypodium,Yes,No,0,21,21,Root_EcoFAB_Brachypodium_Yes_0,Root_EcoFAB_Brachypodium_Yes_21,Root_EcoFAB_Brachypodium_Yes_0_21,Root_EcoFAB_Brachypodium_Yes_0_21_21
926R_inline18_IT091,1511,336,755,458,10,166,19,0,14,20,0,51,0,0,0,0,0,0,0,0,4,0,0,0,0,0,0,0,0,0,0,0,0,0,0,0,0,0,0,0,0,0,0,0,0,0,0,0,0,0,0,0,0,0,0,0,0,0,0,0,0,0,0,0,0,0,3344,3340,0,0,4,G10 R6 _U,56,unattached sand,EcoFAB,Brachypodium,Yes,No,0,21,21,unattached sand_EcoFAB_Brachypodium_Yes_0,unattached sand_EcoFAB_Brachypodium_Yes_21,unattached sand_EcoFAB_Brachypodium_Yes_0_21,unattached sand_EcoFAB_Brachypodium_Yes_0_21_21
926R_inline19_IT039,1340,1007,309,246,593,15,161,0,18,6,0,15,6,0,5,0,0,0,0,0,0,0,0,0,0,0,0,0,0,0,0,8,0,0,0,0,0,0,0,0,0,0,0,0,0,0,0,0,0,0,0,0,0,0,0,0,0,0,0,0,0,0,0,0,0,0,3729,3721,0,8,0,G10 R7 _A,116,Attached sand,EcoFAB,Brachypodium,Yes,No,0,21,21,Attached sand_EcoFAB_Brachypodium_Yes_0,Attached sand_EcoFAB_Brachypodium_Yes_21,Attached sand_EcoFAB_Brachypodium_Yes_0_21,Attached sand_EcoFAB_Brachypodium_Yes_0_21_21
926R_inline19_IT046,885,150,5,21,6,33,110,0,0,6,0,0,0,0,0,0,0,0,0,0,0,0,0,0,0,0,0,0,0,0,0,246,0,0,0,0,661,0,0,0,0,0,0,0,0,0,0,0,0,0,0,0,0,0,0,0,0,0,0,0,0,0,0,0,0,0,2123,1216,0,907,0,G10 R7 _R,172,Root,EcoFAB,Brachypodium,Yes,No,0,21,21,Root_EcoFAB_Brachypodium_Yes_0,Root_EcoFAB_Brachypodium_Yes_21,Root_EcoFAB_Brachypodium_Yes_0_21,Root_EcoFAB_Brachypodium_Yes_0_21_21
926R_inline18_IT008,258,233,568,1736,86,72,43,0,10,34,0,11,8,0,0,0,0,0,0,0,0,0,0,0,0,5,0,0,11,0,0,12,0,0,5,0,16,4,0,0,0,18,0,0,0,21,0,0,0,0,0,0,0,0,0,0,0,0,0,0,0,0,0,0,0,0,3151,3059,64,28,0,G10 R7 _U,57,unattached sand,EcoFAB,Brachypodium,Yes,No,0,21,21,unattached sand_EcoFAB_Brachypodium_Yes_0,unattached sand_EcoFAB_Brachypodium_Yes_21,unattached sand_EcoFAB_Brachypodium_Yes_0_21,unattached sand_EcoFAB_Brachypodium_Yes_0_21_21
926R_inline19_IT051,2479,821,133,333,8,29,12,0,0,4,0,0,0,0,0,0,0,0,0,0,5,0,0,0,0,0,0,0,0,4,0,5,0,0,0,0,4,0,0,0,0,0,0,0,0,0,0,0,0,0,0,0,0,0,0,0,0,0,0,0,0,0,0,0,0,0,3837,3819,0,9,9,G10 R9 _A,117,Attached sand,EcoFAB,Brachypodium,Yes,No,0,21,21,Attached sand_EcoFAB_Brachypodium_Yes_0,Attached sand_EcoFAB_Brachypodium_Yes_21,Attached sand_EcoFAB_Brachypodium_Yes_0_21,Attached sand_EcoFAB_Brachypodium_Yes_0_21_21
926R_inline19_IT058,61,9,0,6,0,7,0,0,0,0,0,0,0,0,0,0,0,0,0,0,0,0,0,0,0,0,0,0,0,0,0,667,0,0,0,0,1662,0,0,0,0,0,0,0,0,0,0,0,0,0,0,0,0,0,0,0,0,0,0,0,0,0,0,0,0,0,2412,83,0,2329,0,G10 R9 _R,173,Root,EcoFAB,Brachypodium,Yes,No,0,21,21,Root_EcoFAB_Brachypodium_Yes_0,Root_EcoFAB_Brachypodium_Yes_21,Root_EcoFAB_Brachypodium_Yes_0_21,Root_EcoFAB_Brachypodium_Yes_0_21_21
926R_inline18_IT020,768,231,720,1275,15,55,11,0,4,12,0,0,0,0,0,0,0,0,0,0,0,0,0,0,0,0,0,0,0,0,0,0,0,0,0,0,0,0,0,0,0,0,0,0,0,0,0,0,0,0,0,0,0,0,0,0,0,0,0,0,0,0,0,0,0,0,3091,3091,0,0,0,G10 R9 _U,58,unattached sand,EcoFAB,Brachypodium,Yes,No,0,21,21,unattached sand_EcoFAB_Brachypodium_Yes_0,unattached sand_EcoFAB_Brachypodium_Yes_21,unattached sand_EcoFAB_Brachypodium_Yes_0_21,unattached sand_EcoFAB_Brachypodium_Yes_0_21_21
926R_inline19_IT063,2686,1365,822,296,19,33,15,0,9,9,0,47,0,0,8,0,0,0,0,0,6,0,0,0,0,0,0,0,0,0,0,4,0,0,0,0,0,0,0,0,0,0,0,0,0,0,0,0,0,0,0,0,0,0,0,0,0,0,0,0,0,0,0,0,0,0,5319,5309,0,4,6,G11 R1 _A,118,Attached sand,EcoFAB,Brachypodium,Yes,No,8S,29,21,Attached sand_EcoFAB_Brachypodium_Yes_8,Attached sand_EcoFAB_Brachypodium_Yes_21,Attached sand_EcoFAB_Brachypodium_Yes_8S_21,Attached sand_EcoFAB_Brachypodium_Yes_8S_29_21
926R_inline19_IT070,23,6,5,18,0,0,0,0,0,0,0,0,0,0,0,0,0,0,0,0,0,0,0,0,0,0,0,0,0,0,0,549,0,0,0,0,1380,0,0,0,0,0,0,0,0,0,0,0,0,0,0,0,0,0,0,0,0,0,0,0,0,0,0,0,0,0,1981,52,0,1929,0,G11 R1 _R,174,Root,EcoFAB,Brachypodium,Yes,No,8S,29,21,Root_EcoFAB_Brachypodium_Yes_8,Root_EcoFAB_Brachypodium_Yes_21,Root_EcoFAB_Brachypodium_Yes_8S_21,Root_EcoFAB_Brachypodium_Yes_8S_29_21
926R_inline18_IT032,1852,348,443,163,5,28,5,0,23,19,0,33,0,0,0,0,0,0,0,0,0,0,0,0,0,0,0,0,0,0,0,0,0,0,0,0,0,0,0,0,0,0,0,0,0,0,0,0,0,0,0,0,0,0,0,0,0,0,0,0,0,0,0,0,0,0,2919,2919,0,0,0,G11 R1 _U,59,unattached sand,EcoFAB,Brachypodium,Yes,No,8S,29,21,unattached sand_EcoFAB_Brachypodium_Yes_8,unattached sand_EcoFAB_Brachypodium_Yes_21,unattached sand_EcoFAB_Brachypodium_Yes_8S_21,unattached sand_EcoFAB_Brachypodium_Yes_8S_29_21
926R_inline19_IT040,875,906,532,473,51,25,47,0,9,14,0,12,0,0,6,0,0,0,0,0,0,0,0,0,0,0,0,0,0,0,0,0,0,0,0,0,8,0,0,0,0,0,0,0,0,0,0,0,0,0,0,0,0,0,0,0,0,0,0,0,0,0,0,0,0,0,2958,2950,0,8,0,G11 R10 _A,124,Attached sand,EcoFAB,Brachypodium,Yes,No,8S,29,21,Attached sand_EcoFAB_Brachypodium_Yes_8,Attached sand_EcoFAB_Brachypodium_Yes_21,Attached sand_EcoFAB_Brachypodium_Yes_8S_21,Attached sand_EcoFAB_Brachypodium_Yes_8S_29_21
926R_inline19_IT047,43,12,0,94,7,6,0,0,0,0,0,0,0,0,0,0,0,0,0,0,0,0,0,0,0,0,0,0,0,0,0,421,0,0,0,0,817,0,0,0,0,0,0,0,0,0,0,0,0,0,0,5,0,0,0,0,0,0,0,0,0,0,0,0,0,0,1405,162,0,1238,5,G11 R10 _R,180,Root,EcoFAB,Brachypodium,Yes,No,8S,29,21,Root_EcoFAB_Brachypodium_Yes_8,Root_EcoFAB_Brachypodium_Yes_21,Root_EcoFAB_Brachypodium_Yes_8S_21,Root_EcoFAB_Brachypodium_Yes_8S_29_21
926R_inline18_IT009,471,434,362,1150,30,48,69,68,10,43,0,16,0,0,0,0,0,0,0,0,0,0,0,0,0,0,0,0,0,0,0,24,0,0,0,0,40,0,0,0,0,0,0,0,0,0,0,0,0,0,4,0,0,0,0,0,0,0,0,0,0,0,0,0,0,0,2769,2701,0,64,4,G11 R10 _U,65,unattached sand,EcoFAB,Brachypodium,Yes,No,8S,29,21,unattached sand_EcoFAB_Brachypodium_Yes_8,unattached sand_EcoFAB_Brachypodium_Yes_21,unattached sand_EcoFAB_Brachypodium_Yes_8S_21,unattached sand_EcoFAB_Brachypodium_Yes_8S_29_21
926R_inline19_IT075,3003,1111,449,25,0,28,7,0,0,10,0,27,0,0,4,0,0,0,0,0,0,0,0,0,0,0,0,0,0,0,0,0,0,0,0,0,4,0,0,0,0,0,0,0,0,0,0,0,0,0,0,0,0,0,0,0,0,0,0,0,0,0,0,0,0,0,4668,4664,0,4,0,G11 R3 _A,119,Attached sand,EcoFAB,Brachypodium,Yes,No,8S,29,21,Attached sand_EcoFAB_Brachypodium_Yes_8,Attached sand_EcoFAB_Brachypodium_Yes_21,Attached sand_EcoFAB_Brachypodium_Yes_8S_21,Attached sand_EcoFAB_Brachypodium_Yes_8S_29_21
926R_inline18_IT044,2533,309,617,88,0,38,7,0,11,29,0,22,0,0,0,0,0,0,0,0,0,0,0,0,0,0,0,0,4,0,0,8,0,0,0,0,13,0,0,0,0,0,0,0,0,0,0,0,0,0,0,0,0,0,0,0,0,0,0,0,0,0,0,0,0,0,3679,3654,4,21,0,G11 R3 _U,60,unattached sand,EcoFAB,Brachypodium,Yes,No,8S,29,21,unattached sand_EcoFAB_Brachypodium_Yes_8,unattached sand_EcoFAB_Brachypodium_Yes_21,unattached sand_EcoFAB_Brachypodium_Yes_8S_21,unattached sand_EcoFAB_Brachypodium_Yes_8S_29_21
926R_inline18_IT056,797,658,615,1034,19,49,46,0,60,36,0,4,0,0,0,0,0,0,0,0,0,0,0,0,0,0,0,0,0,0,0,15,0,0,0,0,32,0,0,0,0,0,0,0,0,0,0,0,0,0,0,0,0,0,0,0,0,0,0,0,0,0,0,0,0,0,3365,3318,0,47,0,G11 R6 _U,61,unattached sand,EcoFAB,Brachypodium,Yes,No,8S,29,21,unattached sand_EcoFAB_Brachypodium_Yes_8,unattached sand_EcoFAB_Brachypodium_Yes_21,unattached sand_EcoFAB_Brachypodium_Yes_8S_21,unattached sand_EcoFAB_Brachypodium_Yes_8S_29_21
926R_inline19_IT004,1078,2615,1690,603,422,115,394,0,119,70,0,37,20,0,4,0,0,0,0,0,0,0,0,0,0,0,0,0,0,0,0,29,0,0,0,0,71,0,0,0,0,0,0,0,0,0,0,0,0,0,0,0,0,0,0,0,4,0,0,0,0,0,0,0,0,0,7271,7167,0,100,4,G11 R7 _A,121,Attached sand,EcoFAB,Brachypodium,Yes,No,8S,29,21,Attached sand_EcoFAB_Brachypodium_Yes_8,Attached sand_EcoFAB_Brachypodium_Yes_21,Attached sand_EcoFAB_Brachypodium_Yes_8S_21,Attached sand_EcoFAB_Brachypodium_Yes_8S_29_21
926R_inline19_IT011,70,41,0,38,7,0,9,0,0,0,0,0,0,0,0,0,0,0,0,0,0,0,0,0,0,0,0,0,0,0,0,721,0,0,0,0,1620,8,0,0,0,0,0,0,0,0,0,0,0,0,0,0,0,0,0,0,0,0,0,0,0,0,0,0,0,0,2514,165,8,2341,0,G11 R7 _R,177,Root,EcoFAB,Brachypodium,Yes,No,8S,29,21,Root_EcoFAB_Brachypodium_Yes_8,Root_EcoFAB_Brachypodium_Yes_21,Root_EcoFAB_Brachypodium_Yes_8S_21,Root_EcoFAB_Brachypodium_Yes_8S_29_21
926R_inline18_IT068,342,559,670,404,94,132,141,0,30,70,0,10,9,0,0,0,0,0,0,0,0,0,0,0,0,0,0,0,0,0,0,0,0,0,0,0,6,0,0,0,0,0,0,0,0,0,0,0,0,0,0,0,0,0,0,0,0,0,0,0,0,0,0,0,0,0,2467,2461,0,6,0,G11 R7 _U,62,unattached sand,EcoFAB,Brachypodium,Yes,No,8S,29,21,unattached sand_EcoFAB_Brachypodium_Yes_8,unattached sand_EcoFAB_Brachypodium_Yes_21,unattached sand_EcoFAB_Brachypodium_Yes_8S_21,unattached sand_EcoFAB_Brachypodium_Yes_8S_29_21
926R_inline19_IT016,1040,1343,639,336,20,28,35,0,13,27,0,0,0,0,5,0,0,0,0,0,0,0,0,0,0,0,0,0,0,0,0,4,0,0,0,0,0,0,0,0,0,0,0,0,0,0,0,0,0,0,0,0,0,0,0,0,0,0,0,0,0,0,0,0,0,0,3490,3486,0,4,0,G11 R8 _A,122,Attached sand,EcoFAB,Brachypodium,Yes,No,8S,29,21,Attached sand_EcoFAB_Brachypodium_Yes_8,Attached sand_EcoFAB_Brachypodium_Yes_21,Attached sand_EcoFAB_Brachypodium_Yes_8S_21,Attached sand_EcoFAB_Brachypodium_Yes_8S_29_21
926R_inline19_IT023,56,86,7,10,0,19,19,4,0,0,0,25,0,0,0,0,0,0,0,0,0,0,0,0,0,0,0,0,0,0,0,1049,0,0,0,0,1612,0,0,0,0,0,0,0,0,0,0,0,0,0,0,0,0,4,0,0,0,4,0,0,0,0,0,0,0,0,2895,226,0,2661,8,G11 R8 _R,178,Root,EcoFAB,Brachypodium,Yes,No,8S,29,21,Root_EcoFAB_Brachypodium_Yes_8,Root_EcoFAB_Brachypodium_Yes_21,Root_EcoFAB_Brachypodium_Yes_8S_21,Root_EcoFAB_Brachypodium_Yes_8S_29_21
926R_inline18_IT080,424,579,621,1165,11,52,17,0,12,58,0,0,0,0,0,0,0,0,0,0,0,0,0,0,0,0,0,0,0,0,0,0,0,0,0,0,0,0,0,0,0,0,0,0,0,0,0,0,0,0,0,0,0,0,0,0,0,0,0,0,0,0,0,0,0,0,2939,2939,0,0,0,G11 R8 _U,63,unattached sand,EcoFAB,Brachypodium,Yes,No,8S,29,21,unattached sand_EcoFAB_Brachypodium_Yes_8,unattached sand_EcoFAB_Brachypodium_Yes_21,unattached sand_EcoFAB_Brachypodium_Yes_8S_21,unattached sand_EcoFAB_Brachypodium_Yes_8S_29_21
926R_inline19_IT028,1911,1713,984,397,31,33,48,0,6,19,0,40,0,0,5,0,0,0,0,0,4,0,0,0,0,0,0,0,0,0,0,0,0,0,0,0,11,0,0,0,0,0,0,0,0,0,0,0,0,0,0,0,0,0,0,0,0,0,0,0,0,0,0,0,0,0,5202,5187,0,11,4,G11 R9 _A,123,Attached sand,EcoFAB,Brachypodium,Yes,No,8S,29,21,Attached sand_EcoFAB_Brachypodium_Yes_8,Attached sand_EcoFAB_Brachypodium_Yes_21,Attached sand_EcoFAB_Brachypodium_Yes_8S_21,Attached sand_EcoFAB_Brachypodium_Yes_8S_29_21
926R_inline19_IT035,133,33,0,0,0,11,0,0,0,0,0,0,0,0,0,0,0,0,0,0,0,0,0,0,0,0,0,0,0,0,0,328,0,0,0,0,525,0,0,0,0,0,0,0,0,0,0,0,0,0,0,0,0,0,0,0,0,0,0,0,0,0,0,0,0,0,1030,177,0,853,0,G11 R9 _R,179,Root,EcoFAB,Brachypodium,Yes,No,8S,29,21,Root_EcoFAB_Brachypodium_Yes_8,Root_EcoFAB_Brachypodium_Yes_21,Root_EcoFAB_Brachypodium_Yes_8S_21,Root_EcoFAB_Brachypodium_Yes_8S_29_21
926R_inline18_IT092,967,619,655,854,24,69,44,0,21,50,0,21,0,0,0,0,0,0,0,0,0,0,0,0,0,0,0,0,0,0,0,0,0,0,0,0,5,0,0,0,0,0,0,0,0,0,0,0,0,0,0,0,0,0,0,0,0,0,0,0,0,0,0,0,0,0,3329,3324,0,5,0,G11 R9 _U,64,unattached sand,EcoFAB,Brachypodium,Yes,No,8S,29,21,unattached sand_EcoFAB_Brachypodium_Yes_8,unattached sand_EcoFAB_Brachypodium_Yes_21,unattached sand_EcoFAB_Brachypodium_Yes_8S_21,unattached sand_EcoFAB_Brachypodium_Yes_8S_29_21
926R_inline18_IT021,26,72,110,3048,18,56,18,0,0,5,0,0,0,0,0,0,0,0,0,0,0,0,0,0,0,0,0,0,0,0,0,0,0,0,0,0,0,0,0,0,0,0,0,0,0,0,0,0,0,0,0,0,0,0,0,0,0,0,0,0,0,0,0,0,0,0,3353,3353,0,0,0,G12 R1 _U,66,unattached sand,EcoFAB,None,Yes,No,0,21,21,unattached sand_EcoFAB_None_Yes_0,unattached sand_EcoFAB_None_Yes_21,unattached sand_EcoFAB_None_Yes_0_21,unattached sand_EcoFAB_None_Yes_0_21_21
926R_inline18_IT033,241,140,414,2413,204,84,21,0,0,8,0,0,0,0,0,0,0,0,0,0,0,0,0,0,0,0,0,0,0,0,0,0,0,0,0,0,0,0,0,0,0,0,0,0,0,0,0,0,0,0,5,0,0,0,0,0,0,0,0,0,0,0,0,0,0,0,3530,3525,0,0,5,G12 R2 _U,67,unattached sand,EcoFAB,None,Yes,No,0,21,21,unattached sand_EcoFAB_None_Yes_0,unattached sand_EcoFAB_None_Yes_21,unattached sand_EcoFAB_None_Yes_0_21,unattached sand_EcoFAB_None_Yes_0_21_21
926R_inline18_IT045,158,41,198,2237,0,63,0,0,0,4,0,0,0,0,0,0,0,0,0,0,0,0,0,0,0,0,11,0,0,0,0,0,0,0,0,0,0,0,0,0,0,0,0,0,0,0,0,0,0,0,6,0,0,0,0,0,0,0,0,0,0,0,0,0,0,0,2718,2701,0,0,17,G12 R3 _U,68,unattached sand,EcoFAB,None,Yes,No,0,21,21,unattached sand_EcoFAB_None_Yes_0,unattached sand_EcoFAB_None_Yes_21,unattached sand_EcoFAB_None_Yes_0_21,unattached sand_EcoFAB_None_Yes_0_21_21
926R_inline19_IT052,68,52,29,38,13,0,8,4,0,0,0,0,0,0,0,0,0,0,0,0,0,0,0,0,0,0,0,0,0,0,0,374,0,0,0,0,720,0,0,0,0,0,0,0,0,0,0,0,0,0,0,0,0,0,0,0,0,0,0,0,0,0,0,0,0,0,1306,212,0,1094,0,G13 R1 _A,125,Attached sand,EcoFAB,Brachypodium,No,No,N,29,21,Attached sand_EcoFAB_Brachypodium_No_0,Attached sand_EcoFAB_Brachypodium_No_21,Attached sand_EcoFAB_Brachypodium_No_N_21,Attached sand_EcoFAB_Brachypodium_No_N_29_21
926R_inline19_IT059,0,0,0,16,0,0,0,0,0,0,0,0,0,0,0,0,0,0,0,0,0,0,0,0,0,0,0,0,0,0,0,564,0,0,0,0,1884,0,0,0,0,0,0,0,0,0,0,0,0,0,0,0,0,0,0,0,0,0,0,0,0,0,0,0,0,0,2464,16,0,2448,0,G13 R1 _R,181,Root,EcoFAB,Brachypodium,No,No,N,29,21,Root_EcoFAB_Brachypodium_No_0,Root_EcoFAB_Brachypodium_No_21,Root_EcoFAB_Brachypodium_No_N_21,Root_EcoFAB_Brachypodium_No_N_29_21
926R_inline18_IT057,106,29,18,31,12,0,9,24,0,0,0,0,7,0,0,0,0,0,0,0,0,0,0,0,0,0,0,0,0,0,0,416,0,0,0,0,1035,6,0,0,0,9,0,0,0,0,0,0,0,0,0,0,0,0,5,0,0,0,0,0,0,0,0,0,0,0,1707,236,15,1451,5,G13 R1 un _U,69,unattached sand,EcoFAB,Brachypodium,No,No,N,29,21,unattached sand_EcoFAB_Brachypodium_No_0,unattached sand_EcoFAB_Brachypodium_No_21,unattached sand_EcoFAB_Brachypodium_No_N_21,unattached sand_EcoFAB_Brachypodium_No_N_29_21
926R_inline19_IT071,0,0,0,30,0,0,0,0,0,0,0,0,0,0,0,0,0,0,0,0,0,0,0,0,0,0,0,0,0,0,0,565,0,0,0,0,2484,0,0,0,0,0,0,0,0,0,0,0,0,0,0,0,0,0,0,0,0,0,0,0,0,0,0,0,0,0,3079,30,0,3049,0,G13 R2 _R,182,Root,EcoFAB,Brachypodium,No,No,N,29,21,Root_EcoFAB_Brachypodium_No_0,Root_EcoFAB_Brachypodium_No_21,Root_EcoFAB_Brachypodium_No_N_21,Root_EcoFAB_Brachypodium_No_N_29_21
926R_inline18_IT069,175,31,38,33,22,0,6,0,0,0,0,4,5,6,0,0,0,0,0,0,0,5,0,0,7,0,0,0,0,0,0,235,4,4,0,0,335,50,0,0,0,22,4,0,0,0,0,0,0,0,0,8,0,0,0,0,0,0,0,0,0,0,0,6,0,6,1006,320,78,570,38,G13 R2 un _U,70,unattached sand,EcoFAB,Brachypodium,No,No,N,29,21,unattached sand_EcoFAB_Brachypodium_No_0,unattached sand_EcoFAB_Brachypodium_No_21,unattached sand_EcoFAB_Brachypodium_No_N_21,unattached sand_EcoFAB_Brachypodium_No_N_29_21
926R_inline19_IT076,387,153,39,16,0,8,4,0,0,0,0,0,0,0,0,0,0,0,0,0,0,0,0,0,0,0,0,0,0,0,0,352,0,0,0,0,859,0,0,0,0,0,0,0,0,0,0,0,0,0,0,4,0,0,0,0,0,0,0,0,0,0,0,0,0,0,1822,607,0,1211,4,G13 R3 _A,127,Attached sand,EcoFAB,Brachypodium,No,No,N,29,21,Attached sand_EcoFAB_Brachypodium_No_0,Attached sand_EcoFAB_Brachypodium_No_21,Attached sand_EcoFAB_Brachypodium_No_N_21,Attached sand_EcoFAB_Brachypodium_No_N_29_21
926R_inline18_IT081,210,68,58,279,9,6,0,0,0,4,0,0,0,0,0,0,0,0,0,0,0,0,0,0,0,0,0,0,0,0,0,630,0,0,0,0,1193,5,0,0,0,0,0,0,0,0,0,0,0,0,0,0,0,0,0,0,0,0,0,0,0,0,0,0,0,0,2462,634,5,1823,0,G13 R3 un _U,71,unattached sand,EcoFAB,Brachypodium,No,No,N,29,21,unattached sand_EcoFAB_Brachypodium_No_0,unattached sand_EcoFAB_Brachypodium_No_21,unattached sand_EcoFAB_Brachypodium_No_N_21,unattached sand_EcoFAB_Brachypodium_No_N_29_21
926R_inline19_IT095,6,0,0,132,0,4,0,0,0,0,0,0,0,0,0,0,0,0,0,0,0,0,0,0,0,0,0,0,0,0,0,597,0,0,0,0,2138,0,0,0,0,0,0,0,0,0,0,0,0,0,0,0,0,0,0,0,0,0,0,0,0,0,0,0,0,0,2877,142,0,2735,0,G14 R1 _R,184,Root,EcoFAB,Brachypodium,No,No,N,24,21,Root_EcoFAB_Brachypodium_No_0,Root_EcoFAB_Brachypodium_No_21,Root_EcoFAB_Brachypodium_No_N_21,Root_EcoFAB_Brachypodium_No_N_24_21
926R_inline18_IT093,298,98,101,133,8,15,13,0,0,5,0,0,0,11,0,0,0,0,0,0,0,13,0,0,0,0,0,6,0,0,5,220,9,0,0,0,122,26,0,0,0,11,0,0,0,0,0,4,0,0,0,0,0,0,0,0,0,0,0,0,0,0,16,0,0,0,1114,682,37,342,53,G14 R1 un _U,72,unattached sand,EcoFAB,Brachypodium,No,No,N,24,21,unattached sand_EcoFAB_Brachypodium_No_0,unattached sand_EcoFAB_Brachypodium_No_21,unattached sand_EcoFAB_Brachypodium_No_N_21,unattached sand_EcoFAB_Brachypodium_No_N_24_21
926R_inline19_IT005,233,472,266,131,62,33,77,0,29,9,0,7,5,0,0,0,0,0,0,0,0,0,0,4,0,0,0,0,0,0,0,754,0,0,0,0,1071,0,0,0,0,0,0,0,0,0,0,0,0,0,0,0,0,0,0,0,0,0,0,0,0,0,0,0,0,0,3153,1324,4,1825,0,G14 R2 _A,129,Attached sand,EcoFAB,Brachypodium,No,No,N,24,21,Attached sand_EcoFAB_Brachypodium_No_0,Attached sand_EcoFAB_Brachypodium_No_21,Attached sand_EcoFAB_Brachypodium_No_N_21,Attached sand_EcoFAB_Brachypodium_No_N_24_21
926R_inline19_IT012,448,111,25,410,23,14,4,0,0,0,0,0,0,0,0,0,0,0,0,0,0,0,0,0,0,0,0,0,0,0,0,320,0,0,0,0,1605,0,0,0,0,0,0,0,0,0,0,0,0,0,0,0,0,0,0,0,0,0,0,0,0,0,0,0,0,0,2960,1035,0,1925,0,G14 R2 _R,185,Root,EcoFAB,Brachypodium,No,No,N,24,21,Root_EcoFAB_Brachypodium_No_0,Root_EcoFAB_Brachypodium_No_21,Root_EcoFAB_Brachypodium_No_N_21,Root_EcoFAB_Brachypodium_No_N_24_21
926R_inline18_IT010,713,76,103,60,6,6,21,8,5,4,0,12,0,0,0,4,0,0,0,0,0,10,0,12,0,10,0,0,55,0,0,78,0,0,24,0,63,66,0,0,0,60,0,0,0,58,0,0,0,0,0,0,0,0,0,0,0,0,0,0,0,0,0,7,0,0,1461,1018,292,141,10,G14 R2 un _U,73,unattached sand,EcoFAB,Brachypodium,No,No,N,24,21,unattached sand_EcoFAB_Brachypodium_No_0,unattached sand_EcoFAB_Brachypodium_No_21,unattached sand_EcoFAB_Brachypodium_No_N_21,unattached sand_EcoFAB_Brachypodium_No_N_24_21
926R_inline19_IT017,20,17,6,7,0,0,0,0,0,0,0,0,0,0,0,0,0,0,0,0,0,0,0,0,0,0,0,0,0,0,0,381,0,0,0,0,536,0,0,0,0,0,0,0,0,0,0,0,0,0,0,0,0,0,0,0,0,0,0,0,0,0,0,0,0,0,967,50,0,917,0,G14 R3 _A,130,Attached sand,EcoFAB,Brachypodium,No,No,N,24,21,Attached sand_EcoFAB_Brachypodium_No_0,Attached sand_EcoFAB_Brachypodium_No_21,Attached sand_EcoFAB_Brachypodium_No_N_21,Attached sand_EcoFAB_Brachypodium_No_N_24_21
926R_inline18_IT022,252,47,46,56,0,6,0,0,0,0,4,0,7,5,0,0,0,0,0,0,0,5,0,0,0,8,0,0,21,0,0,92,0,0,0,4,124,58,0,0,0,34,0,0,0,24,0,0,0,0,0,0,0,0,4,0,0,0,0,0,0,0,8,0,0,0,805,423,145,216,21,G14 R3 un _U,74,unattached sand,EcoFAB,Brachypodium,No,No,N,24,21,unattached sand_EcoFAB_Brachypodium_No_0,unattached sand_EcoFAB_Brachypodium_No_21,unattached sand_EcoFAB_Brachypodium_No_N_21,unattached sand_EcoFAB_Brachypodium_No_N_24_21
926R_inline18_IT034,333,96,87,84,5,9,17,68,0,0,0,0,11,6,0,0,4,0,0,0,0,0,0,4,7,0,0,0,4,0,0,86,0,0,0,0,93,48,8,0,0,31,0,0,0,0,0,0,0,0,0,0,0,0,10,4,0,0,0,0,0,0,20,0,0,4,1039,716,87,179,57,G15 R1 un _U,75,unattached sand,EcoFAB,Brachypodium,No,No,N,21,21,unattached sand_EcoFAB_Brachypodium_No_3,unattached sand_EcoFAB_Brachypodium_No_21,unattached sand_EcoFAB_Brachypodium_No_N_21,unattached sand_EcoFAB_Brachypodium_No_N_21_21
926R_inline19_IT041,1209,1034,709,67,340,9,382,154,0,6,0,0,4,0,0,0,0,0,0,0,0,0,0,0,0,0,0,0,0,0,0,8,0,0,0,0,0,0,0,0,0,0,0,0,0,0,0,0,0,0,0,0,0,0,0,0,0,0,0,0,0,0,0,0,0,0,3922,3914,0,8,0,G15 R3 _A,132,Attached sand,EcoFAB,Brachypodium,No,No,N,21,21,Attached sand_EcoFAB_Brachypodium_No_3,Attached sand_EcoFAB_Brachypodium_No_21,Attached sand_EcoFAB_Brachypodium_No_N_21,Attached sand_EcoFAB_Brachypodium_No_N_21_21
926R_inline19_IT048,982,56,65,185,22,10,26,0,0,0,0,0,0,0,0,0,0,0,0,0,0,0,0,0,0,0,0,0,0,0,0,365,0,0,0,0,993,0,0,0,0,0,0,0,0,0,0,0,0,0,0,0,0,0,0,0,0,0,0,0,0,0,0,0,0,0,2704,1346,0,1358,0,G15 R3 _R,188,Root,EcoFAB,Brachypodium,No,No,N,21,21,Root_EcoFAB_Brachypodium_No_3,Root_EcoFAB_Brachypodium_No_21,Root_EcoFAB_Brachypodium_No_N_21,Root_EcoFAB_Brachypodium_No_N_21_21
926R_inline18_IT046,494,113,620,24,0,0,91,702,0,0,0,0,0,0,0,0,0,0,0,0,0,0,0,0,0,0,4,0,0,0,0,0,0,0,0,0,0,0,0,0,0,0,0,0,0,0,0,0,0,0,0,0,0,0,0,0,0,0,0,0,0,0,0,0,0,0,2048,2044,0,0,4,G15 R3 un _U,76,unattached sand,EcoFAB,Brachypodium,No,No,N,21,21,unattached sand_EcoFAB_Brachypodium_No_3,unattached sand_EcoFAB_Brachypodium_No_21,unattached sand_EcoFAB_Brachypodium_No_N_21,unattached sand_EcoFAB_Brachypodium_No_N_21_21
926R_inline18_IT058,846,372,506,77,88,11,1070,7,0,13,8,254,41,0,0,0,0,0,0,0,0,0,0,0,0,0,0,0,0,0,0,7,0,0,0,0,28,0,0,0,0,0,0,0,0,0,0,0,0,0,0,0,0,0,0,0,0,0,0,0,0,0,0,0,0,0,3328,3293,0,35,0,G2 R1 _A,77,Attached sand,EcoFAB,Brachypodium,Yes,No,8,14,6,Attached sand_EcoFAB_Brachypodium_Yes_8,Attached sand_EcoFAB_Brachypodium_Yes_6,Attached sand_EcoFAB_Brachypodium_Yes_8_6,Attached sand_EcoFAB_Brachypodium_Yes_8_14_6
926R_inline19_IT053,422,93,4,7,0,0,64,0,0,0,0,0,5,0,0,0,0,0,0,0,0,0,0,0,0,0,0,0,0,0,0,499,0,0,0,0,780,0,0,0,0,0,0,0,0,0,0,0,0,0,0,0,0,0,0,0,0,0,0,0,0,0,0,0,0,0,1874,595,0,1279,0,G2 R1 _R,133,Root,EcoFAB,Brachypodium,Yes,No,8,14,6,Root_EcoFAB_Brachypodium_Yes_8,Root_EcoFAB_Brachypodium_Yes_6,Root_EcoFAB_Brachypodium_Yes_8_6,Root_EcoFAB_Brachypodium_Yes_8_14_6
926R_inline18_IT002,492,472,215,82,14,10,597,691,0,7,36,44,0,0,0,0,0,0,0,0,0,0,0,10,0,13,0,0,59,0,0,0,0,0,21,0,0,86,0,0,0,80,0,0,0,73,0,0,0,0,0,0,0,0,0,0,0,0,0,0,0,0,0,12,0,0,3014,2660,354,0,0,G2 R1 _U,9,unattached sand,EcoFAB,Brachypodium,Yes,No,8,14,6,unattached sand_EcoFAB_Brachypodium_Yes_8,unattached sand_EcoFAB_Brachypodium_Yes_6,unattached sand_EcoFAB_Brachypodium_Yes_8_6,unattached sand_EcoFAB_Brachypodium_Yes_8_14_6
926R_inline18_IT070,1620,529,404,108,0,5,35,0,0,7,0,4,0,0,0,0,0,0,0,0,0,0,0,0,0,0,0,0,0,0,0,8,0,0,0,0,19,0,0,0,0,0,0,0,0,0,0,0,0,0,0,0,0,0,0,0,0,0,0,0,0,0,0,0,0,0,2739,2712,0,27,0,G2 R2  _A,78,Attached sand,EcoFAB,Brachypodium,Yes,No,8,14,6,Attached sand_EcoFAB_Brachypodium_Yes_8,Attached sand_EcoFAB_Brachypodium_Yes_6,Attached sand_EcoFAB_Brachypodium_Yes_8_6,Attached sand_EcoFAB_Brachypodium_Yes_8_14_6
926R_inline19_IT065,23,0,0,0,0,0,0,0,0,0,0,0,0,0,0,0,0,0,0,0,0,0,0,0,0,0,0,0,0,0,0,841,0,0,0,0,2086,0,0,0,0,0,0,0,0,0,0,0,0,0,0,0,0,0,0,0,0,0,0,0,0,0,0,0,0,0,2950,23,0,2927,0,G2 R2  _R,134,Root,EcoFAB,Brachypodium,Yes,No,8,14,6,Root_EcoFAB_Brachypodium_Yes_8,Root_EcoFAB_Brachypodium_Yes_6,Root_EcoFAB_Brachypodium_Yes_8_6,Root_EcoFAB_Brachypodium_Yes_8_14_6
926R_inline18_IT014,554,156,316,1008,0,0,0,0,0,0,0,5,0,0,0,0,0,0,0,0,0,0,0,13,0,25,0,0,174,0,0,0,0,0,68,0,0,166,0,0,0,174,0,0,0,138,0,0,0,0,0,0,0,0,0,0,0,0,0,0,0,0,0,30,0,0,2827,2039,788,0,0,G2 R2  _U,10,unattached sand,EcoFAB,Brachypodium,Yes,No,8,14,6,unattached sand_EcoFAB_Brachypodium_Yes_8,unattached sand_EcoFAB_Brachypodium_Yes_6,unattached sand_EcoFAB_Brachypodium_Yes_8_6,unattached sand_EcoFAB_Brachypodium_Yes_8_14_6
926R_inline18_IT082,2452,178,104,0,0,6,27,0,0,0,4,24,0,0,0,0,0,0,0,0,0,0,0,0,0,0,0,0,0,0,0,15,0,0,0,0,24,5,0,0,0,0,0,0,0,0,0,0,0,0,0,0,0,0,0,0,0,0,0,0,0,0,0,0,0,0,2839,2795,5,39,0,G2 R3 _A,79,Attached sand,EcoFAB,Brachypodium,Yes,No,8,14,6,Attached sand_EcoFAB_Brachypodium_Yes_8,Attached sand_EcoFAB_Brachypodium_Yes_6,Attached sand_EcoFAB_Brachypodium_Yes_8_6,Attached sand_EcoFAB_Brachypodium_Yes_8_14_6
926R_inline19_IT077,237,5,0,0,0,0,0,0,0,0,0,0,0,0,0,0,0,0,0,0,0,0,0,0,0,0,0,0,0,0,0,522,0,0,0,0,1273,0,0,0,0,0,0,0,0,0,0,0,0,0,0,0,0,0,0,0,0,0,0,0,0,0,0,0,0,0,2037,242,0,1795,0,G2 R3 _R,135,Root,EcoFAB,Brachypodium,Yes,No,8,14,6,Root_EcoFAB_Brachypodium_Yes_8,Root_EcoFAB_Brachypodium_Yes_6,Root_EcoFAB_Brachypodium_Yes_8_6,Root_EcoFAB_Brachypodium_Yes_8_14_6
926R_inline18_IT026,1191,144,79,756,0,0,8,5,6,0,0,4,0,0,0,0,0,0,0,0,0,0,0,9,0,17,0,0,134,0,0,0,0,0,47,0,0,107,0,0,0,104,0,0,0,122,0,0,0,0,0,0,0,0,0,0,0,0,0,0,0,0,0,15,0,0,2748,2193,555,0,0,G2 R3 _U,11,unattached sand,EcoFAB,Brachypodium,Yes,No,8,14,6,unattached sand_EcoFAB_Brachypodium_Yes_8,unattached sand_EcoFAB_Brachypodium_Yes_6,unattached sand_EcoFAB_Brachypodium_Yes_8_6,unattached sand_EcoFAB_Brachypodium_Yes_8_14_6
926R_inline18_IT094,2032,209,416,25,11,5,15,0,0,5,0,39,0,0,0,0,0,0,0,0,0,0,0,0,0,0,0,0,0,0,0,33,0,0,0,0,68,0,0,0,0,0,0,0,0,0,0,0,0,0,0,0,0,0,0,0,0,0,0,0,0,0,0,0,0,0,2858,2757,0,101,0,G2 R4 _A,80,Attached sand,EcoFAB,Brachypodium,Yes,No,8,14,6,Attached sand_EcoFAB_Brachypodium_Yes_8,Attached sand_EcoFAB_Brachypodium_Yes_6,Attached sand_EcoFAB_Brachypodium_Yes_8_6,Attached sand_EcoFAB_Brachypodium_Yes_8_14_6
926R_inline19_IT089,218,21,10,27,0,0,0,0,0,0,0,0,0,0,0,0,0,0,0,0,0,0,0,0,0,0,0,0,0,0,0,1356,0,0,0,0,2796,0,0,0,0,0,0,0,0,0,0,0,0,0,0,0,0,0,0,0,0,0,0,0,0,0,0,0,0,0,4428,276,0,4152,0,G2 R4 _R,136,Root,EcoFAB,Brachypodium,Yes,No,8,14,6,Root_EcoFAB_Brachypodium_Yes_8,Root_EcoFAB_Brachypodium_Yes_6,Root_EcoFAB_Brachypodium_Yes_8_6,Root_EcoFAB_Brachypodium_Yes_8_14_6
926R_inline18_IT038,781,236,83,1538,47,29,8,0,7,7,4,13,0,0,0,0,0,0,0,0,0,0,0,0,0,0,0,0,9,0,0,0,0,0,0,0,0,12,0,0,0,16,0,0,0,11,0,0,0,0,0,0,0,0,0,0,0,0,0,0,0,0,0,0,0,0,2801,2753,48,0,0,G2 R4 _U,12,unattached sand,EcoFAB,Brachypodium,Yes,No,8,14,6,unattached sand_EcoFAB_Brachypodium_Yes_8,unattached sand_EcoFAB_Brachypodium_Yes_6,unattached sand_EcoFAB_Brachypodium_Yes_8_6,unattached sand_EcoFAB_Brachypodium_Yes_8_14_6
926R_inline18_IT011,2064,172,275,28,13,8,82,51,0,7,0,34,0,0,0,0,0,0,0,0,0,0,0,0,0,0,0,0,0,0,0,12,0,0,0,0,13,0,0,0,0,0,0,0,0,0,0,0,0,0,0,0,0,0,0,0,0,0,0,0,0,0,0,0,0,0,2759,2734,0,25,0,G2 R5 _A,81,Attached sand,EcoFAB,Brachypodium,Yes,No,8,14,6,Attached sand_EcoFAB_Brachypodium_Yes_8,Attached sand_EcoFAB_Brachypodium_Yes_6,Attached sand_EcoFAB_Brachypodium_Yes_8_6,Attached sand_EcoFAB_Brachypodium_Yes_8_14_6
926R_inline19_IT006,1049,5,0,0,0,0,9,0,0,0,0,0,0,0,0,0,0,0,0,0,0,0,0,0,0,0,0,0,0,0,0,963,0,0,0,0,2139,0,0,0,0,0,0,0,0,0,0,0,0,0,0,0,0,0,0,0,0,0,0,0,0,0,0,0,0,0,4165,1063,0,3102,0,G2 R5 _R,137,Root,EcoFAB,Brachypodium,Yes,No,8,14,6,Root_EcoFAB_Brachypodium_Yes_8,Root_EcoFAB_Brachypodium_Yes_6,Root_EcoFAB_Brachypodium_Yes_8_6,Root_EcoFAB_Brachypodium_Yes_8_14_6
926R_inline18_IT050,603,176,334,94,0,0,183,911,0,12,16,53,0,0,0,0,0,0,0,4,0,0,0,0,0,0,10,0,0,0,0,0,0,0,0,0,0,5,0,0,0,0,0,0,0,0,0,0,0,0,0,0,0,0,0,0,0,0,0,0,0,0,0,0,0,0,2401,2382,5,0,14,G2 R5 _U,13,unattached sand,EcoFAB,Brachypodium,Yes,No,8,14,6,unattached sand_EcoFAB_Brachypodium_Yes_8,unattached sand_EcoFAB_Brachypodium_Yes_6,unattached sand_EcoFAB_Brachypodium_Yes_8_6,unattached sand_EcoFAB_Brachypodium_Yes_8_14_6
926R_inline18_IT023,2029,113,121,56,6,13,7,0,0,5,0,0,0,0,0,0,0,0,0,0,0,0,0,0,0,0,0,0,0,0,0,21,0,0,0,0,74,0,0,0,0,0,0,0,0,0,0,0,0,0,0,0,0,0,0,0,0,0,0,0,0,0,0,0,0,0,2445,2350,0,95,0,G2 R6 _A,82,Attached sand,EcoFAB,Brachypodium,Yes,No,8,14,6,Attached sand_EcoFAB_Brachypodium_Yes_8,Attached sand_EcoFAB_Brachypodium_Yes_6,Attached sand_EcoFAB_Brachypodium_Yes_8_6,Attached sand_EcoFAB_Brachypodium_Yes_8_14_6
926R_inline19_IT018,102,0,0,0,0,0,0,0,0,0,0,0,0,0,0,0,0,0,0,0,0,0,0,0,0,0,0,0,0,0,0,551,0,0,0,0,1394,0,0,0,0,0,0,0,0,0,0,0,0,0,0,0,0,0,0,0,0,0,0,0,0,0,0,0,0,0,2047,102,0,1945,0,G2 R6 _R,138,Root,EcoFAB,Brachypodium,Yes,No,8,14,6,Root_EcoFAB_Brachypodium_Yes_8,Root_EcoFAB_Brachypodium_Yes_6,Root_EcoFAB_Brachypodium_Yes_8_6,Root_EcoFAB_Brachypodium_Yes_8_14_6
926R_inline18_IT062,398,368,110,1768,81,203,15,8,23,46,5,60,9,0,0,0,0,0,0,0,0,0,0,0,0,0,0,0,8,0,0,0,0,0,0,0,0,0,0,0,0,8,0,0,0,0,0,0,0,0,5,0,0,0,0,0,0,0,0,0,0,0,0,0,0,0,3115,3094,16,0,5,G2 R6 _U,14,unattached sand,EcoFAB,Brachypodium,Yes,No,8,14,6,unattached sand_EcoFAB_Brachypodium_Yes_8,unattached sand_EcoFAB_Brachypodium_Yes_6,unattached sand_EcoFAB_Brachypodium_Yes_8_6,unattached sand_EcoFAB_Brachypodium_Yes_8_14_6
926R_inline18_IT035,1401,197,210,342,6,11,9,0,0,5,0,14,0,0,0,0,0,0,0,0,0,0,0,0,0,0,0,0,0,0,0,22,0,0,0,0,14,0,0,0,0,0,0,0,0,0,0,0,0,0,0,0,0,0,0,0,0,0,0,0,0,0,0,0,0,0,2231,2195,0,36,0,G3 R1 _A,83,Attached sand,EcoFAB,Brachypodium,Yes,No,3,14,11,Attached sand_EcoFAB_Brachypodium_Yes_3,Attached sand_EcoFAB_Brachypodium_Yes_11,Attached sand_EcoFAB_Brachypodium_Yes_3_11,Attached sand_EcoFAB_Brachypodium_Yes_3_14_11
926R_inline19_IT030,80,0,0,0,0,0,0,0,0,0,0,0,0,0,0,0,0,0,0,0,0,0,0,0,0,0,0,0,0,0,0,575,0,0,0,0,2007,0,0,0,0,0,0,0,0,0,0,0,0,0,0,0,0,0,0,0,0,0,0,0,0,0,0,0,0,0,2662,80,0,2582,0,G3 R1 _R,139,Root,EcoFAB,Brachypodium,Yes,No,3,14,11,Root_EcoFAB_Brachypodium_Yes_3,Root_EcoFAB_Brachypodium_Yes_11,Root_EcoFAB_Brachypodium_Yes_3_11,Root_EcoFAB_Brachypodium_Yes_3_14_11
926R_inline18_IT074,945,202,167,1822,15,22,0,0,0,0,0,0,0,0,0,0,0,0,0,0,0,0,0,0,0,0,0,0,0,0,0,0,0,0,0,0,0,0,0,0,0,0,0,0,0,0,0,0,0,0,0,0,0,0,0,0,0,0,0,0,0,0,0,0,0,0,3173,3173,0,0,0,G3 R1 _U,15,unattached sand,EcoFAB,Brachypodium,Yes,No,3,14,11,unattached sand_EcoFAB_Brachypodium_Yes_3,unattached sand_EcoFAB_Brachypodium_Yes_11,unattached sand_EcoFAB_Brachypodium_Yes_3_11,unattached sand_EcoFAB_Brachypodium_Yes_3_14_11
926R_inline19_IT042,54,13,0,0,0,4,4,0,0,0,0,0,0,0,0,0,0,0,0,0,0,0,0,0,0,0,0,0,0,0,0,189,0,0,0,0,1677,0,0,0,0,0,0,0,0,0,0,0,0,0,0,4,0,0,0,0,0,0,0,0,0,0,0,0,0,0,1945,75,0,1866,4,G3 R2 _R,140,Root,EcoFAB,Brachypodium,Yes,No,3,14,11,Root_EcoFAB_Brachypodium_Yes_3,Root_EcoFAB_Brachypodium_Yes_11,Root_EcoFAB_Brachypodium_Yes_3_11,Root_EcoFAB_Brachypodium_Yes_3_14_11
926R_inline18_IT086,411,94,666,1520,30,23,25,0,6,4,0,15,0,0,0,0,0,0,0,0,0,0,0,0,0,7,0,0,44,0,0,0,0,0,20,0,0,34,0,0,0,31,0,0,0,46,0,0,0,0,0,0,0,0,0,0,0,0,0,0,0,0,0,8,0,0,2984,2794,190,0,0,G3 R2 _U,16,unattached sand,EcoFAB,Brachypodium,Yes,No,3,14,11,unattached sand_EcoFAB_Brachypodium_Yes_3,unattached sand_EcoFAB_Brachypodium_Yes_11,unattached sand_EcoFAB_Brachypodium_Yes_3_11,unattached sand_EcoFAB_Brachypodium_Yes_3_14_11
926R_inline18_IT059,1208,642,445,309,28,57,68,0,0,11,6,0,0,0,0,0,0,0,0,0,0,0,0,0,0,0,0,0,0,0,0,9,0,0,0,0,16,0,0,0,0,0,0,0,0,0,0,0,0,0,0,0,0,0,0,0,0,0,0,0,0,0,0,0,0,0,2799,2774,0,25,0,G3 R3 _A,85,Attached sand,EcoFAB,Brachypodium,Yes,No,3,14,11,Attached sand_EcoFAB_Brachypodium_Yes_3,Attached sand_EcoFAB_Brachypodium_Yes_11,Attached sand_EcoFAB_Brachypodium_Yes_3_11,Attached sand_EcoFAB_Brachypodium_Yes_3_14_11
926R_inline19_IT054,35,4,0,4,0,0,0,0,0,0,0,0,0,0,0,0,0,0,0,0,0,0,0,0,0,0,0,0,0,0,0,906,0,0,0,0,1625,0,0,0,0,0,0,0,0,0,0,0,0,0,0,0,0,0,0,0,0,0,0,0,0,0,0,0,0,0,2574,43,0,2531,0,G3 R3 _R,141,Root,EcoFAB,Brachypodium,Yes,No,3,14,11,Root_EcoFAB_Brachypodium_Yes_3,Root_EcoFAB_Brachypodium_Yes_11,Root_EcoFAB_Brachypodium_Yes_3_11,Root_EcoFAB_Brachypodium_Yes_3_14_11
926R_inline18_IT003,1331,314,340,565,13,30,18,0,0,8,0,4,0,0,0,0,0,0,0,0,0,0,0,0,0,0,0,0,0,0,0,0,0,0,0,0,0,0,0,0,0,0,0,0,0,0,0,0,0,0,0,0,0,0,0,0,0,0,0,0,0,0,0,0,0,0,2623,2623,0,0,0,G3 R3 _U,17,unattached sand,EcoFAB,Brachypodium,Yes,No,3,14,11,unattached sand_EcoFAB_Brachypodium_Yes_3,unattached sand_EcoFAB_Brachypodium_Yes_11,unattached sand_EcoFAB_Brachypodium_Yes_3_11,unattached sand_EcoFAB_Brachypodium_Yes_3_14_11
926R_inline18_IT071,1475,279,167,75,1031,55,25,0,0,4,0,160,5,0,0,0,0,0,0,0,0,0,0,0,0,0,0,0,0,0,0,7,0,0,0,0,6,0,0,0,0,0,0,0,0,0,0,0,0,0,0,0,0,0,0,0,0,0,0,0,0,0,0,0,0,0,3289,3276,0,13,0,G3 R4 _A,86,Attached sand,EcoFAB,Brachypodium,Yes,No,3,14,11,Attached sand_EcoFAB_Brachypodium_Yes_3,Attached sand_EcoFAB_Brachypodium_Yes_11,Attached sand_EcoFAB_Brachypodium_Yes_3_11,Attached sand_EcoFAB_Brachypodium_Yes_3_14_11
926R_inline19_IT066,193,54,6,36,0,24,4,0,0,0,0,0,0,0,0,0,0,0,0,0,0,0,0,0,0,0,0,0,0,0,0,470,0,0,0,0,1336,0,0,0,0,0,0,0,0,4,0,0,0,0,0,0,0,0,0,0,0,0,0,0,0,0,0,0,0,0,2127,317,4,1806,0,G3 R4 _R,142,Root,EcoFAB,Brachypodium,Yes,No,3,14,11,Root_EcoFAB_Brachypodium_Yes_3,Root_EcoFAB_Brachypodium_Yes_11,Root_EcoFAB_Brachypodium_Yes_3_11,Root_EcoFAB_Brachypodium_Yes_3_14_11
926R_inline18_IT015,1385,212,212,402,125,305,8,0,0,4,0,4,0,0,0,0,0,0,0,0,0,0,0,4,0,0,0,0,6,0,0,0,0,0,4,0,0,9,0,0,0,8,0,0,0,11,0,0,0,0,0,0,0,0,0,0,0,0,0,0,0,0,0,0,0,0,2699,2657,42,0,0,G3 R4 _U,18,unattached sand,EcoFAB,Brachypodium,Yes,No,3,14,11,unattached sand_EcoFAB_Brachypodium_Yes_3,unattached sand_EcoFAB_Brachypodium_Yes_11,unattached sand_EcoFAB_Brachypodium_Yes_3_11,unattached sand_EcoFAB_Brachypodium_Yes_3_14_11
926R_inline18_IT083,474,459,161,164,919,124,76,0,0,11,0,0,4,0,0,0,0,0,0,0,0,0,0,0,0,0,0,0,0,0,0,41,0,0,0,0,123,0,0,0,0,0,0,0,0,0,0,0,0,0,0,0,0,0,0,0,0,0,0,0,0,0,0,0,0,0,2556,2392,0,164,0,G3 R5 _A,87,Attached sand,EcoFAB,Brachypodium,Yes,No,3,14,11,Attached sand_EcoFAB_Brachypodium_Yes_3,Attached sand_EcoFAB_Brachypodium_Yes_11,Attached sand_EcoFAB_Brachypodium_Yes_3_11,Attached sand_EcoFAB_Brachypodium_Yes_3_14_11
926R_inline19_IT078,899,70,7,15,0,20,17,0,0,0,0,0,7,0,0,0,0,0,0,0,0,0,0,0,0,0,0,0,0,0,0,656,0,0,0,0,1218,0,0,0,0,0,0,0,0,0,0,0,0,0,0,0,0,0,0,0,0,0,0,0,0,0,0,0,0,0,2909,1035,0,1874,0,G3 R5 _R,143,Root,EcoFAB,Brachypodium,Yes,No,3,14,11,Root_EcoFAB_Brachypodium_Yes_3,Root_EcoFAB_Brachypodium_Yes_11,Root_EcoFAB_Brachypodium_Yes_3_11,Root_EcoFAB_Brachypodium_Yes_3_14_11
926R_inline18_IT027,767,694,223,665,48,67,9,0,0,11,0,0,0,0,0,0,0,0,0,0,0,0,0,0,0,0,0,0,13,0,0,0,0,0,9,0,0,9,0,0,0,9,0,0,0,7,0,0,0,0,0,0,0,0,0,0,0,0,0,0,0,0,0,0,0,0,2531,2484,47,0,0,G3 R5 _U,19,unattached sand,EcoFAB,Brachypodium,Yes,No,3,14,11,unattached sand_EcoFAB_Brachypodium_Yes_3,unattached sand_EcoFAB_Brachypodium_Yes_11,unattached sand_EcoFAB_Brachypodium_Yes_3_11,unattached sand_EcoFAB_Brachypodium_Yes_3_14_11
926R_inline18_IT095,1528,739,207,139,66,36,71,0,0,14,6,0,0,0,0,0,0,0,0,0,0,0,0,0,0,0,0,0,0,0,0,5,0,0,0,0,14,0,0,0,0,0,0,0,0,0,0,0,0,0,0,0,0,0,0,0,0,0,0,0,0,0,0,0,0,0,2825,2806,0,19,0,G3 R6 _A,88,Attached sand,EcoFAB,Brachypodium,Yes,No,3,14,11,Attached sand_EcoFAB_Brachypodium_Yes_3,Attached sand_EcoFAB_Brachypodium_Yes_11,Attached sand_EcoFAB_Brachypodium_Yes_3_11,Attached sand_EcoFAB_Brachypodium_Yes_3_14_11
926R_inline19_IT090,877,121,5,58,0,6,0,0,0,0,0,0,0,0,0,0,0,0,0,0,0,0,0,0,0,0,0,0,0,0,0,365,0,0,0,0,1269,0,0,0,0,0,0,0,0,0,0,0,0,0,0,0,0,0,0,0,0,0,0,0,0,0,0,0,0,0,2701,1067,0,1634,0,G3 R6 _R,144,Root,EcoFAB,Brachypodium,Yes,No,3,14,11,Root_EcoFAB_Brachypodium_Yes_3,Root_EcoFAB_Brachypodium_Yes_11,Root_EcoFAB_Brachypodium_Yes_3_11,Root_EcoFAB_Brachypodium_Yes_3_14_11
926R_inline18_IT039,338,108,388,1886,29,20,10,0,0,6,5,5,0,0,0,0,0,0,0,0,0,0,0,0,0,0,0,0,0,0,0,0,0,0,0,0,0,0,0,0,0,0,0,0,0,0,0,0,0,0,0,0,0,0,0,0,0,0,0,0,0,0,0,0,0,0,2795,2795,0,0,0,G3 R6 _U,20,unattached sand,EcoFAB,Brachypodium,Yes,No,3,14,11,unattached sand_EcoFAB_Brachypodium_Yes_3,unattached sand_EcoFAB_Brachypodium_Yes_11,unattached sand_EcoFAB_Brachypodium_Yes_3_11,unattached sand_EcoFAB_Brachypodium_Yes_3_14_11
926R_inline18_IT012,1459,736,951,797,63,64,28,0,0,13,0,4,0,0,0,0,0,0,0,0,0,0,0,0,0,0,4,0,11,4,0,39,0,0,0,0,167,4,0,0,0,6,0,0,0,11,0,0,0,0,0,0,0,0,0,0,0,0,0,0,0,0,0,0,0,0,4361,4115,32,206,8,G4 R1 _A,89,Attached sand,EcoFAB,Brachypodium,Yes,No,0,14,14,Attached sand_EcoFAB_Brachypodium_Yes_0,Attached sand_EcoFAB_Brachypodium_Yes_14,Attached sand_EcoFAB_Brachypodium_Yes_0_14,Attached sand_EcoFAB_Brachypodium_Yes_0_14_14
926R_inline19_IT007,470,22,0,0,0,7,0,0,0,0,0,0,0,0,0,0,0,0,0,0,0,0,0,0,0,0,0,0,0,0,0,1058,0,0,0,0,2671,0,0,0,0,0,0,0,0,0,0,0,0,0,0,0,0,0,0,0,0,0,0,0,0,0,0,0,0,0,4228,499,0,3729,0,G4 R1 _R,145,Root,EcoFAB,Brachypodium,Yes,No,0,14,14,Root_EcoFAB_Brachypodium_Yes_0,Root_EcoFAB_Brachypodium_Yes_14,Root_EcoFAB_Brachypodium_Yes_0_14,Root_EcoFAB_Brachypodium_Yes_0_14_14
926R_inline18_IT051,510,127,405,1920,13,31,6,0,0,0,0,0,0,0,0,0,0,0,0,0,0,0,0,0,0,0,0,0,0,0,0,0,0,0,0,0,0,0,0,0,0,0,0,0,0,0,0,0,0,0,0,0,0,0,0,0,0,0,0,0,0,0,0,0,0,0,3012,3012,0,0,0,G4 R1 _U,21,unattached sand,EcoFAB,Brachypodium,Yes,No,0,14,14,unattached sand_EcoFAB_Brachypodium_Yes_0,unattached sand_EcoFAB_Brachypodium_Yes_14,unattached sand_EcoFAB_Brachypodium_Yes_0_14,unattached sand_EcoFAB_Brachypodium_Yes_0_14_14
926R_inline19_IT001,3336,221,360,57,266,49,75,0,0,5,0,549,12,0,0,0,0,0,0,0,0,0,0,0,0,0,0,0,0,0,0,4,0,0,0,0,13,0,0,7,0,0,0,0,0,0,0,0,0,0,0,0,0,0,0,0,4,0,0,0,0,0,0,0,0,0,4958,4930,0,17,11,G4 R10 _A,97,Attached sand,EcoFAB,Brachypodium,Yes,No,0,14,14,Attached sand_EcoFAB_Brachypodium_Yes_0,Attached sand_EcoFAB_Brachypodium_Yes_14,Attached sand_EcoFAB_Brachypodium_Yes_0_14,Attached sand_EcoFAB_Brachypodium_Yes_0_14_14
926R_inline19_IT008,1943,172,0,17,0,22,0,0,0,5,0,0,0,0,0,0,0,0,0,0,0,0,0,0,0,0,0,0,0,0,0,822,0,0,0,0,1790,0,0,0,0,0,0,0,0,0,0,0,0,0,0,0,0,0,0,0,0,0,0,0,0,0,0,0,0,0,4771,2159,0,2612,0,G4 R10 _R,153,Root,EcoFAB,Brachypodium,Yes,No,0,14,14,Root_EcoFAB_Brachypodium_Yes_0,Root_EcoFAB_Brachypodium_Yes_14,Root_EcoFAB_Brachypodium_Yes_0_14,Root_EcoFAB_Brachypodium_Yes_0_14_14
926R_inline18_IT052,483,121,479,2200,21,61,14,0,4,15,0,43,0,0,0,0,0,0,0,0,0,0,0,0,0,0,5,0,4,0,0,0,0,0,0,0,0,0,0,0,0,0,0,0,0,0,0,0,0,0,0,0,0,0,0,0,0,0,0,0,0,0,0,0,0,0,3450,3441,4,0,5,G4 R10 _U,29,unattached sand,EcoFAB,Brachypodium,Yes,No,0,14,14,unattached sand_EcoFAB_Brachypodium_Yes_0,unattached sand_EcoFAB_Brachypodium_Yes_14,unattached sand_EcoFAB_Brachypodium_Yes_0_14,unattached sand_EcoFAB_Brachypodium_Yes_0_14_14
926R_inline18_IT024,1501,408,844,230,31,32,30,0,0,4,0,26,0,0,0,0,0,0,0,0,0,0,0,0,0,0,0,0,4,0,0,0,0,0,0,0,31,0,0,0,0,0,0,0,0,0,0,0,0,0,0,0,0,0,0,0,0,0,0,0,0,0,0,0,0,0,3141,3106,4,31,0,G4 R2 _A,90,Attached sand,EcoFAB,Brachypodium,Yes,No,0,14,14,Attached sand_EcoFAB_Brachypodium_Yes_0,Attached sand_EcoFAB_Brachypodium_Yes_14,Attached sand_EcoFAB_Brachypodium_Yes_0_14,Attached sand_EcoFAB_Brachypodium_Yes_0_14_14
926R_inline19_IT019,72,17,0,7,0,0,21,0,0,0,0,0,0,0,0,0,0,0,0,0,0,0,0,0,0,0,0,0,0,0,0,554,0,0,0,0,2015,0,0,0,0,0,0,0,0,0,0,0,0,0,0,0,0,0,0,0,0,0,0,0,0,0,0,0,0,0,2686,117,0,2569,0,G4 R2 _R,146,Root,EcoFAB,Brachypodium,Yes,No,0,14,14,Root_EcoFAB_Brachypodium_Yes_0,Root_EcoFAB_Brachypodium_Yes_14,Root_EcoFAB_Brachypodium_Yes_0_14,Root_EcoFAB_Brachypodium_Yes_0_14_14
926R_inline18_IT063,1523,263,728,765,20,47,13,0,0,7,0,0,0,0,0,0,0,0,0,0,0,0,0,0,0,0,0,0,0,0,0,0,0,0,0,0,0,0,0,0,0,0,0,0,0,0,0,0,0,0,0,0,0,0,0,0,0,0,0,0,0,0,0,0,0,0,3366,3366,0,0,0,G4 R2 _U,22,unattached sand,EcoFAB,Brachypodium,Yes,No,0,14,14,unattached sand_EcoFAB_Brachypodium_Yes_0,unattached sand_EcoFAB_Brachypodium_Yes_14,unattached sand_EcoFAB_Brachypodium_Yes_0_14,unattached sand_EcoFAB_Brachypodium_Yes_0_14_14
926R_inline18_IT036,1380,602,943,300,4,28,24,0,0,12,0,0,0,0,0,0,0,0,0,0,0,0,0,0,0,0,0,0,0,0,0,0,0,0,0,0,5,0,0,0,0,0,0,0,0,0,0,0,0,0,0,0,0,0,0,0,0,0,0,0,0,0,0,0,0,0,3298,3293,0,5,0,G4 R3 _A,91,Attached sand,EcoFAB,Brachypodium,Yes,No,0,14,14,Attached sand_EcoFAB_Brachypodium_Yes_0,Attached sand_EcoFAB_Brachypodium_Yes_14,Attached sand_EcoFAB_Brachypodium_Yes_0_14,Attached sand_EcoFAB_Brachypodium_Yes_0_14_14
926R_inline19_IT031,12,0,0,0,0,0,0,0,0,0,0,0,0,0,0,0,0,0,0,0,0,0,0,0,0,0,0,0,0,0,0,978,0,0,0,0,2838,0,0,0,0,0,0,0,0,0,0,0,0,0,0,0,0,0,0,0,0,0,0,0,0,0,0,0,0,0,3828,12,0,3816,0,G4 R3 _R,147,Root,EcoFAB,Brachypodium,Yes,No,0,14,14,Root_EcoFAB_Brachypodium_Yes_0,Root_EcoFAB_Brachypodium_Yes_14,Root_EcoFAB_Brachypodium_Yes_0_14,Root_EcoFAB_Brachypodium_Yes_0_14_14
926R_inline18_IT075,1021,279,875,505,0,37,9,0,0,10,0,0,0,0,0,0,0,0,0,0,0,0,0,0,0,0,0,0,0,0,0,0,0,0,0,0,0,0,0,0,0,0,0,0,0,0,0,0,0,0,0,0,0,0,0,0,0,0,0,0,0,0,0,0,0,0,2736,2736,0,0,0,G4 R3 _U,23,unattached sand,EcoFAB,Brachypodium,Yes,No,0,14,14,unattached sand_EcoFAB_Brachypodium_Yes_0,unattached sand_EcoFAB_Brachypodium_Yes_14,unattached sand_EcoFAB_Brachypodium_Yes_0_14,unattached sand_EcoFAB_Brachypodium_Yes_0_14_14
926R_inline18_IT048,401,214,646,1057,37,12,31,0,0,0,0,171,0,0,0,0,0,0,0,0,0,0,0,0,0,0,25,0,0,0,0,0,0,0,0,0,0,0,0,6,7,0,0,0,0,0,0,0,0,0,5,0,0,0,0,0,0,0,0,0,0,0,0,0,0,0,2612,2569,0,0,43,G4 R4 _A,92,Attached sand,EcoFAB,Brachypodium,Yes,No,0,14,14,Attached sand_EcoFAB_Brachypodium_Yes_0,Attached sand_EcoFAB_Brachypodium_Yes_14,Attached sand_EcoFAB_Brachypodium_Yes_0_14,Attached sand_EcoFAB_Brachypodium_Yes_0_14_14
926R_inline19_IT043,905,0,0,4,0,0,5,0,0,0,0,0,0,0,0,0,0,0,0,0,0,0,0,0,0,0,0,0,0,0,0,401,0,0,0,0,1119,0,0,0,0,0,0,0,0,0,0,0,0,0,0,0,0,0,0,0,0,0,0,0,0,0,0,0,0,0,2434,914,0,1520,0,G4 R4 _R,148,Root,EcoFAB,Brachypodium,Yes,No,0,14,14,Root_EcoFAB_Brachypodium_Yes_0,Root_EcoFAB_Brachypodium_Yes_14,Root_EcoFAB_Brachypodium_Yes_0_14,Root_EcoFAB_Brachypodium_Yes_0_14_14
926R_inline18_IT087,170,301,661,1863,14,12,28,40,0,0,0,77,0,0,0,0,0,0,0,0,0,0,0,0,0,0,10,0,0,6,0,0,0,0,0,0,0,0,0,0,4,0,0,0,0,0,0,0,0,0,5,0,0,0,0,0,0,0,0,0,0,0,0,0,0,0,3191,3166,0,0,25,G4 R4 _U,24,unattached sand,EcoFAB,Brachypodium,Yes,No,0,14,14,unattached sand_EcoFAB_Brachypodium_Yes_0,unattached sand_EcoFAB_Brachypodium_Yes_14,unattached sand_EcoFAB_Brachypodium_Yes_0_14,unattached sand_EcoFAB_Brachypodium_Yes_0_14_14
926R_inline18_IT060,699,308,616,1164,39,12,27,0,0,10,0,0,0,0,0,0,0,0,0,0,0,0,0,0,0,0,0,0,0,0,0,0,0,0,0,0,5,0,0,0,0,0,0,0,0,0,0,0,0,0,0,0,0,0,0,0,0,0,0,0,0,0,0,0,0,0,2880,2875,0,5,0,G4 R5 _A,93,Attached sand,EcoFAB,Brachypodium,Yes,No,0,14,14,Attached sand_EcoFAB_Brachypodium_Yes_0,Attached sand_EcoFAB_Brachypodium_Yes_14,Attached sand_EcoFAB_Brachypodium_Yes_0_14,Attached sand_EcoFAB_Brachypodium_Yes_0_14_14
926R_inline19_IT055,11,0,0,6,0,0,0,0,0,0,0,0,0,0,0,0,0,0,0,0,0,0,0,0,0,0,0,0,0,0,0,453,0,0,0,0,1282,0,0,0,0,0,0,0,0,0,0,0,0,0,0,0,0,0,0,0,0,0,0,0,0,0,0,0,0,0,1752,17,0,1735,0,G4 R5 _R,149,Root,EcoFAB,Brachypodium,Yes,No,0,14,14,Root_EcoFAB_Brachypodium_Yes_0,Root_EcoFAB_Brachypodium_Yes_14,Root_EcoFAB_Brachypodium_Yes_0_14,Root_EcoFAB_Brachypodium_Yes_0_14_14
926R_inline18_IT004,217,150,850,1675,10,12,5,0,0,0,0,0,0,0,0,0,0,0,0,0,0,0,0,10,0,12,0,0,51,0,0,0,0,0,17,0,0,73,0,0,0,86,0,0,0,48,0,0,0,0,0,0,0,0,0,0,0,0,0,0,0,0,0,6,0,0,3222,2919,303,0,0,G4 R5 _U,25,unattached sand,EcoFAB,Brachypodium,Yes,No,0,14,14,unattached sand_EcoFAB_Brachypodium_Yes_0,unattached sand_EcoFAB_Brachypodium_Yes_14,unattached sand_EcoFAB_Brachypodium_Yes_0_14,unattached sand_EcoFAB_Brachypodium_Yes_0_14_14
926R_inline18_IT072,1702,451,239,257,51,23,9,0,0,8,0,0,0,0,0,0,0,0,0,0,5,0,0,0,0,0,0,0,0,0,0,0,0,0,0,0,0,0,0,0,0,0,0,0,0,0,0,0,0,0,0,0,0,0,0,0,0,0,0,0,0,0,0,0,0,0,2745,2740,0,0,5,G4 R7 _A,94,Attached sand,EcoFAB,Brachypodium,Yes,No,0,14,14,Attached sand_EcoFAB_Brachypodium_Yes_0,Attached sand_EcoFAB_Brachypodium_Yes_14,Attached sand_EcoFAB_Brachypodium_Yes_0_14,Attached sand_EcoFAB_Brachypodium_Yes_0_14_14
926R_inline19_IT067,22,0,0,10,0,0,0,0,0,0,0,0,0,0,0,0,0,0,0,0,0,0,0,0,0,0,0,0,0,0,0,669,0,0,0,0,1964,0,0,0,0,0,0,0,0,0,0,0,0,0,0,0,0,0,0,0,0,0,0,0,0,0,0,0,0,0,2665,32,0,2633,0,G4 R7 _R,150,Root,EcoFAB,Brachypodium,Yes,No,0,14,14,Root_EcoFAB_Brachypodium_Yes_0,Root_EcoFAB_Brachypodium_Yes_14,Root_EcoFAB_Brachypodium_Yes_0_14,Root_EcoFAB_Brachypodium_Yes_0_14_14
926R_inline18_IT016,635,201,515,1345,6,39,11,0,0,14,0,0,0,0,0,0,0,0,0,0,0,0,0,0,0,0,0,0,0,0,0,4,0,0,0,0,7,0,0,0,0,0,0,0,0,0,0,0,0,0,0,0,0,0,0,0,0,0,0,0,0,0,0,0,0,0,2777,2766,0,11,0,G4 R7 _U,26,unattached sand,EcoFAB,Brachypodium,Yes,No,0,14,14,unattached sand_EcoFAB_Brachypodium_Yes_0,unattached sand_EcoFAB_Brachypodium_Yes_14,unattached sand_EcoFAB_Brachypodium_Yes_0_14,unattached sand_EcoFAB_Brachypodium_Yes_0_14_14
926R_inline18_IT084,787,551,249,152,509,42,10,0,0,7,0,41,0,0,0,0,0,0,0,0,0,0,0,0,0,0,0,0,0,0,0,11,0,0,0,0,11,0,0,0,0,0,0,0,0,0,0,0,0,0,0,0,0,0,0,0,0,0,0,0,0,0,0,0,0,0,2370,2348,0,22,0,G4 R8 _A,95,Attached sand,EcoFAB,Brachypodium,Yes,No,0,14,14,Attached sand_EcoFAB_Brachypodium_Yes_0,Attached sand_EcoFAB_Brachypodium_Yes_14,Attached sand_EcoFAB_Brachypodium_Yes_0_14,Attached sand_EcoFAB_Brachypodium_Yes_0_14_14
926R_inline19_IT079,221,19,0,15,0,9,0,0,0,0,0,0,0,0,0,0,0,0,0,0,0,0,0,0,0,0,0,0,0,0,0,530,0,0,0,0,1260,0,0,0,0,0,0,0,0,0,0,0,0,0,0,0,0,0,0,0,0,0,0,0,0,0,0,0,0,0,2054,264,0,1790,0,G4 R8 _R,151,Root,EcoFAB,Brachypodium,Yes,No,0,14,14,Root_EcoFAB_Brachypodium_Yes_0,Root_EcoFAB_Brachypodium_Yes_14,Root_EcoFAB_Brachypodium_Yes_0_14,Root_EcoFAB_Brachypodium_Yes_0_14_14
926R_inline18_IT028,94,253,284,2144,66,81,10,0,0,7,0,0,4,0,0,0,0,0,0,0,0,0,0,0,0,0,0,0,0,0,0,0,0,0,0,0,4,0,0,0,0,0,0,0,0,0,0,0,0,0,0,0,0,0,0,0,0,0,0,0,0,0,0,0,0,0,2947,2943,0,4,0,G4 R8 _U,27,unattached sand,EcoFAB,Brachypodium,Yes,No,0,14,14,unattached sand_EcoFAB_Brachypodium_Yes_0,unattached sand_EcoFAB_Brachypodium_Yes_14,unattached sand_EcoFAB_Brachypodium_Yes_0_14,unattached sand_EcoFAB_Brachypodium_Yes_0_14_14
926R_inline18_IT096,1025,742,1586,944,471,66,34,0,0,34,0,55,0,0,0,0,0,0,0,0,5,0,0,0,0,0,21,0,0,0,0,18,0,0,0,0,31,0,0,0,0,0,0,0,0,0,0,0,0,0,0,0,0,0,0,0,0,0,0,0,0,0,0,0,0,0,5032,4957,0,49,26,G4 R9 _A,96,Attached sand,EcoFAB,Brachypodium,Yes,No,0,14,14,Attached sand_EcoFAB_Brachypodium_Yes_0,Attached sand_EcoFAB_Brachypodium_Yes_14,Attached sand_EcoFAB_Brachypodium_Yes_0_14,Attached sand_EcoFAB_Brachypodium_Yes_0_14_14
926R_inline19_IT091,24,5,0,59,0,0,0,0,0,0,0,0,0,0,0,0,0,0,0,0,0,0,0,0,0,0,0,0,0,0,0,460,0,0,0,0,1373,0,0,0,0,0,0,0,0,0,0,0,0,0,0,0,0,0,0,0,0,0,0,0,0,0,0,0,0,0,1921,88,0,1833,0,G4 R9 _R,152,Root,EcoFAB,Brachypodium,Yes,No,0,14,14,Root_EcoFAB_Brachypodium_Yes_0,Root_EcoFAB_Brachypodium_Yes_14,Root_EcoFAB_Brachypodium_Yes_0_14,Root_EcoFAB_Brachypodium_Yes_0_14_14
926R_inline18_IT064,80,279,173,2764,421,65,13,8,62,4,15,103,7,0,0,0,0,0,0,0,0,7,0,0,4,0,0,0,9,0,0,0,0,0,0,0,5,14,0,0,0,14,0,0,0,8,0,0,0,0,0,0,0,0,0,0,0,0,0,0,0,0,0,0,0,0,4055,3994,45,5,11,G5 R1 _U,30,unattached sand,EcoFAB,None,Yes,No,8,14,6,unattached sand_EcoFAB_None_Yes_0,unattached sand_EcoFAB_None_Yes_6,unattached sand_EcoFAB_None_Yes_8_6,unattached sand_EcoFAB_None_Yes_8_14_6
926R_inline18_IT076,24,162,112,2800,647,120,9,0,5,17,0,23,5,0,0,0,0,0,0,0,0,0,0,0,0,0,0,0,0,4,0,0,0,0,0,0,0,0,0,0,0,0,0,0,0,0,4,0,0,0,0,0,0,0,0,0,0,0,0,0,0,0,0,0,0,0,3932,3924,0,0,8,G5 R2 _U,31,unattached sand,EcoFAB,None,Yes,No,8,14,6,unattached sand_EcoFAB_None_Yes_0,unattached sand_EcoFAB_None_Yes_6,unattached sand_EcoFAB_None_Yes_8_6,unattached sand_EcoFAB_None_Yes_8_14_6
926R_inline18_IT088,38,244,74,2417,109,240,7,0,0,5,0,24,0,0,0,0,0,0,0,0,0,0,0,0,0,0,0,0,9,0,0,0,0,0,6,0,0,10,0,0,0,10,0,0,0,10,0,0,0,0,0,0,0,0,0,0,0,0,0,0,0,0,0,0,0,0,3203,3158,45,0,0,G5 R3 _U,32,unattached sand,EcoFAB,None,Yes,No,8,14,6,unattached sand_EcoFAB_None_Yes_0,unattached sand_EcoFAB_None_Yes_6,unattached sand_EcoFAB_None_Yes_8_6,unattached sand_EcoFAB_None_Yes_8_14_6
926R_inline18_IT005,211,150,260,2410,32,166,13,0,4,0,0,0,0,0,0,0,0,0,0,0,0,0,0,4,0,10,0,0,49,0,0,0,0,0,14,0,0,41,0,0,0,43,0,0,0,31,0,0,0,0,0,0,0,0,0,0,0,0,0,0,0,0,0,8,0,0,3446,3246,200,0,0,G6 R1 _U,33,unattached sand,EcoFAB,None,Yes,No,3,14,11,unattached sand_EcoFAB_None_Yes_3,unattached sand_EcoFAB_None_Yes_11,unattached sand_EcoFAB_None_Yes_3_11,unattached sand_EcoFAB_None_Yes_3_14_11
926R_inline18_IT017,27,177,199,3147,199,37,14,0,0,6,0,12,0,0,0,0,0,0,0,0,0,0,0,0,0,0,0,0,0,0,0,0,0,0,0,0,0,0,0,0,0,0,0,0,0,0,0,0,0,0,0,0,0,0,0,0,0,0,0,0,0,0,0,0,0,0,3818,3818,0,0,0,G6 R2 _U,34,unattached sand,EcoFAB,None,Yes,No,3,14,11,unattached sand_EcoFAB_None_Yes_3,unattached sand_EcoFAB_None_Yes_11,unattached sand_EcoFAB_None_Yes_3_11,unattached sand_EcoFAB_None_Yes_3_14_11
926R_inline18_IT029,142,422,127,105,575,1661,13,4,0,0,0,0,0,0,0,0,0,0,0,0,0,0,0,0,0,0,0,0,9,0,0,0,0,0,0,0,0,0,0,0,0,4,0,0,0,0,0,0,0,0,0,0,0,0,0,0,0,0,0,0,0,0,0,0,0,0,3062,3049,13,0,0,G6 R3 _U,35,unattached sand,EcoFAB,None,Yes,No,3,14,11,unattached sand_EcoFAB_None_Yes_3,unattached sand_EcoFAB_None_Yes_11,unattached sand_EcoFAB_None_Yes_3_11,unattached sand_EcoFAB_None_Yes_3_14_11
926R_inline18_IT041,59,189,122,2815,63,83,10,0,0,0,0,13,0,0,0,0,0,0,0,0,0,0,0,0,0,0,0,0,6,0,0,0,0,0,4,0,0,5,0,0,0,14,0,0,0,13,0,0,0,0,0,0,0,0,0,0,0,0,0,0,0,0,0,0,0,0,3396,3354,42,0,0,G7 R1 _U,36,unattached sand,EcoFAB,None,Yes,No,0,14,14,unattached sand_EcoFAB_None_Yes_0,unattached sand_EcoFAB_None_Yes_14,unattached sand_EcoFAB_None_Yes_0_14,unattached sand_EcoFAB_None_Yes_0_14_14
926R_inline18_IT053,1294,92,120,1632,22,30,22,0,0,0,0,0,0,0,0,0,0,0,0,0,0,0,0,0,0,0,0,0,0,0,0,0,0,0,0,0,0,0,0,0,0,0,0,0,0,0,0,0,0,0,0,0,0,0,0,0,0,0,0,0,0,0,0,0,0,0,3212,3212,0,0,0,G7 R2 _U,37,unattached sand,EcoFAB,None,Yes,No,0,14,14,unattached sand_EcoFAB_None_Yes_0,unattached sand_EcoFAB_None_Yes_14,unattached sand_EcoFAB_None_Yes_0_14,unattached sand_EcoFAB_None_Yes_0_14_14
926R_inline18_IT065,298,196,209,2947,227,290,6,0,0,8,0,0,0,0,0,0,0,0,0,0,0,0,0,0,0,0,0,0,0,0,0,0,0,0,0,0,0,0,0,0,0,0,0,0,0,0,0,0,0,0,5,0,0,0,0,0,0,0,0,0,0,0,0,0,0,0,4186,4181,0,0,5,G7 R3 _U,38,unattached sand,EcoFAB,None,Yes,No,0,14,14,unattached sand_EcoFAB_None_Yes_0,unattached sand_EcoFAB_None_Yes_14,unattached sand_EcoFAB_None_Yes_0_14,unattached sand_EcoFAB_None_Yes_0_14_14
926R_inline19_IT013,2688,505,479,284,15,46,8,0,4,12,0,12,0,0,4,0,0,0,0,0,4,0,0,0,0,0,0,0,0,0,0,8,0,0,0,0,10,0,0,0,0,0,0,0,0,0,0,0,0,0,0,0,0,0,0,0,0,0,0,0,0,0,0,0,0,0,4079,4057,0,18,4,G8 R1 _A,98,Attached sand,EcoFAB,Brachypodium,Yes,No,8,29,21,Attached sand_EcoFAB_Brachypodium_Yes_8,Attached sand_EcoFAB_Brachypodium_Yes_21,Attached sand_EcoFAB_Brachypodium_Yes_8_21,Attached sand_EcoFAB_Brachypodium_Yes_8_29_21
926R_inline19_IT020,330,19,0,9,0,5,6,0,0,0,0,0,0,0,0,0,0,0,0,0,0,0,0,0,0,0,0,0,0,0,0,1471,0,0,0,0,2935,0,0,0,0,0,0,0,0,0,0,0,0,0,0,0,0,0,0,0,0,0,0,0,0,0,0,0,0,0,4775,369,0,4406,0,G8 R1 _R,154,Root,EcoFAB,Brachypodium,Yes,No,8,29,21,Root_EcoFAB_Brachypodium_Yes_8,Root_EcoFAB_Brachypodium_Yes_21,Root_EcoFAB_Brachypodium_Yes_8_21,Root_EcoFAB_Brachypodium_Yes_8_29_21
926R_inline19_IT025,2690,671,662,183,25,23,35,5,0,22,0,4,0,0,0,0,0,0,0,0,5,0,0,0,0,0,0,0,0,0,0,0,0,0,0,0,0,0,0,0,0,0,0,0,0,0,0,0,0,0,0,0,0,0,0,0,0,0,4,0,0,0,0,0,0,0,4329,4320,0,0,9,G8 R2 _A,99,Attached sand,EcoFAB,Brachypodium,Yes,No,8,29,21,Attached sand_EcoFAB_Brachypodium_Yes_8,Attached sand_EcoFAB_Brachypodium_Yes_21,Attached sand_EcoFAB_Brachypodium_Yes_8_21,Attached sand_EcoFAB_Brachypodium_Yes_8_29_21
926R_inline19_IT032,969,0,0,0,0,0,0,0,0,0,0,0,0,0,0,0,0,0,0,0,0,0,0,0,0,0,0,0,0,0,0,619,0,0,0,0,1626,0,0,0,0,0,0,0,0,0,0,0,0,0,0,0,0,0,0,0,0,0,0,0,0,0,0,0,0,0,3214,969,0,2245,0,G8 R2 _R,155,Root,EcoFAB,Brachypodium,Yes,No,8,29,21,Root_EcoFAB_Brachypodium_Yes_8,Root_EcoFAB_Brachypodium_Yes_21,Root_EcoFAB_Brachypodium_Yes_8_21,Root_EcoFAB_Brachypodium_Yes_8_29_21
926R_inline18_IT089,1756,344,608,406,19,11,41,11,7,24,0,8,0,0,0,0,0,0,0,0,0,0,0,0,0,0,0,0,0,0,0,0,0,0,0,0,6,0,0,0,0,0,0,0,0,0,0,0,0,0,0,0,0,0,0,0,0,0,0,0,0,0,0,0,0,0,3241,3235,0,6,0,G8 R2 _U,40,unattached sand,EcoFAB,Brachypodium,Yes,No,8,29,21,unattached sand_EcoFAB_Brachypodium_Yes_8,unattached sand_EcoFAB_Brachypodium_Yes_21,unattached sand_EcoFAB_Brachypodium_Yes_8_21,unattached sand_EcoFAB_Brachypodium_Yes_8_29_21
926R_inline19_IT037,1556,1687,1132,2011,79,44,89,0,37,76,0,0,0,0,0,0,0,0,0,0,0,0,0,0,0,0,5,0,0,13,0,19,0,0,0,0,74,0,0,0,0,0,0,0,0,0,0,0,0,0,0,0,0,0,0,0,0,0,0,0,0,0,0,0,0,0,6822,6711,0,93,18,G8 R3 _A,100,Attached sand,EcoFAB,Brachypodium,Yes,No,8,29,21,Attached sand_EcoFAB_Brachypodium_Yes_8,Attached sand_EcoFAB_Brachypodium_Yes_21,Attached sand_EcoFAB_Brachypodium_Yes_8_21,Attached sand_EcoFAB_Brachypodium_Yes_8_29_21
926R_inline19_IT044,92,8,0,0,0,0,8,0,0,0,0,0,0,0,0,0,0,0,0,0,0,0,0,0,0,0,0,0,0,0,0,728,0,0,0,0,2478,0,0,0,0,0,0,0,0,0,0,0,0,0,0,0,0,0,0,0,0,0,0,0,0,0,0,0,0,0,3314,108,0,3206,0,G8 R3 _R,156,Root,EcoFAB,Brachypodium,Yes,No,8,29,21,Root_EcoFAB_Brachypodium_Yes_8,Root_EcoFAB_Brachypodium_Yes_21,Root_EcoFAB_Brachypodium_Yes_8_21,Root_EcoFAB_Brachypodium_Yes_8_29_21
926R_inline18_IT006,838,202,489,1579,5,17,9,0,15,10,0,0,0,0,0,0,0,0,0,0,0,0,0,0,0,0,0,0,0,0,0,0,0,0,0,0,0,0,0,0,0,0,0,0,0,0,0,0,0,0,0,0,0,0,0,0,0,0,0,0,0,0,0,0,0,0,3164,3164,0,0,0,G8 R3 _U,41,unattached sand,EcoFAB,Brachypodium,Yes,No,8,29,21,unattached sand_EcoFAB_Brachypodium_Yes_8,unattached sand_EcoFAB_Brachypodium_Yes_21,unattached sand_EcoFAB_Brachypodium_Yes_8_21,unattached sand_EcoFAB_Brachypodium_Yes_8_29_21
926R_inline19_IT049,2767,945,467,558,14,37,27,0,10,8,0,4,0,0,0,0,0,0,0,0,0,0,0,0,0,0,0,0,0,4,0,8,0,0,0,0,14,0,0,0,0,0,0,0,0,0,0,0,0,0,0,0,0,0,0,0,0,0,0,0,0,0,0,0,0,0,4863,4837,0,22,4,G8 R4 _A,101,Attached sand,EcoFAB,Brachypodium,Yes,No,8,29,21,Attached sand_EcoFAB_Brachypodium_Yes_8,Attached sand_EcoFAB_Brachypodium_Yes_21,Attached sand_EcoFAB_Brachypodium_Yes_8_21,Attached sand_EcoFAB_Brachypodium_Yes_8_29_21
926R_inline19_IT056,625,18,5,7,0,4,0,0,0,0,0,0,0,0,0,0,0,0,0,0,0,0,0,0,0,0,0,0,0,0,0,638,0,0,0,0,1894,0,0,0,0,0,0,0,0,0,0,0,0,0,0,0,0,0,0,0,0,0,0,0,0,0,0,0,0,0,3191,659,0,2532,0,G8 R4 _R,157,Root,EcoFAB,Brachypodium,Yes,No,8,29,21,Root_EcoFAB_Brachypodium_Yes_8,Root_EcoFAB_Brachypodium_Yes_21,Root_EcoFAB_Brachypodium_Yes_8_21,Root_EcoFAB_Brachypodium_Yes_8_29_21
926R_inline18_IT018,1075,409,454,726,0,12,6,0,8,6,0,14,0,0,0,0,0,0,0,0,0,0,0,0,0,0,0,0,0,0,0,0,0,0,0,0,0,0,0,0,0,0,0,0,0,0,0,0,0,0,0,0,0,0,0,0,0,0,0,0,0,0,0,0,0,0,2710,2710,0,0,0,G8 R4 _U,42,unattached sand,EcoFAB,Brachypodium,Yes,No,8,29,21,unattached sand_EcoFAB_Brachypodium_Yes_8,unattached sand_EcoFAB_Brachypodium_Yes_21,unattached sand_EcoFAB_Brachypodium_Yes_8_21,unattached sand_EcoFAB_Brachypodium_Yes_8_29_21
926R_inline19_IT061,2784,973,258,122,9,30,0,0,0,0,0,0,0,0,0,0,0,0,0,0,8,0,0,0,0,0,0,0,0,0,0,0,0,0,0,0,5,0,0,0,0,0,0,0,0,0,0,0,0,0,0,0,0,0,0,0,0,0,0,0,0,0,0,0,0,0,4189,4176,0,5,8,G8 R5 _A,102,Attached sand,EcoFAB,Brachypodium,Yes,No,8,29,21,Attached sand_EcoFAB_Brachypodium_Yes_8,Attached sand_EcoFAB_Brachypodium_Yes_21,Attached sand_EcoFAB_Brachypodium_Yes_8_21,Attached sand_EcoFAB_Brachypodium_Yes_8_29_21
926R_inline19_IT068,300,0,0,0,0,0,0,0,0,0,0,0,0,0,0,0,0,0,0,0,0,0,0,0,0,0,0,0,0,0,0,687,0,0,0,0,2021,0,0,0,0,0,0,0,0,0,0,0,0,0,0,0,0,0,0,0,0,0,0,0,0,0,0,0,0,0,3008,300,0,2708,0,G8 R5 _R,158,Root,EcoFAB,Brachypodium,Yes,No,8,29,21,Root_EcoFAB_Brachypodium_Yes_8,Root_EcoFAB_Brachypodium_Yes_21,Root_EcoFAB_Brachypodium_Yes_8_21,Root_EcoFAB_Brachypodium_Yes_8_29_21
926R_inline18_IT030,2041,355,267,553,0,18,0,0,0,8,0,0,0,0,0,0,0,0,0,0,5,0,0,0,0,0,0,0,0,0,0,0,0,0,0,0,0,0,0,0,0,0,0,0,0,0,0,0,0,0,0,0,0,0,0,0,0,0,0,0,0,0,0,0,0,0,3247,3242,0,0,5,G8 R5 _U,43,unattached sand,EcoFAB,Brachypodium,Yes,No,8,29,21,unattached sand_EcoFAB_Brachypodium_Yes_8,unattached sand_EcoFAB_Brachypodium_Yes_21,unattached sand_EcoFAB_Brachypodium_Yes_8_21,unattached sand_EcoFAB_Brachypodium_Yes_8_29_21
926R_inline19_IT073,2563,404,530,259,4,16,44,0,0,0,0,0,0,0,0,0,0,0,0,0,19,0,0,0,0,0,6,0,0,4,0,4,0,0,0,0,16,0,0,0,0,0,0,0,0,0,0,0,0,0,8,0,0,0,0,0,4,0,0,0,0,0,0,0,0,0,3881,3820,0,20,41,G8 R6 _A,103,Attached sand,EcoFAB,Brachypodium,Yes,No,8,29,21,Attached sand_EcoFAB_Brachypodium_Yes_8,Attached sand_EcoFAB_Brachypodium_Yes_21,Attached sand_EcoFAB_Brachypodium_Yes_8_21,Attached sand_EcoFAB_Brachypodium_Yes_8_29_21
926R_inline19_IT080,202,0,0,9,0,0,0,0,0,0,0,0,0,0,0,0,0,0,0,0,0,0,0,0,0,0,0,0,0,0,0,1085,0,0,0,0,2071,0,0,0,0,0,0,0,0,0,0,0,0,0,0,0,0,0,0,0,0,0,0,0,0,0,0,0,0,0,3367,211,0,3156,0,G8 R6 _R,159,Root,EcoFAB,Brachypodium,Yes,No,8,29,21,Root_EcoFAB_Brachypodium_Yes_8,Root_EcoFAB_Brachypodium_Yes_21,Root_EcoFAB_Brachypodium_Yes_8_21,Root_EcoFAB_Brachypodium_Yes_8_29_21
926R_inline18_IT042,1400,212,373,846,0,4,6,0,0,4,0,0,0,0,0,0,0,0,0,0,0,0,0,0,0,0,0,0,0,12,0,0,0,0,0,0,0,0,0,0,0,0,0,0,0,0,0,0,0,0,0,0,0,0,0,0,0,0,0,0,0,0,0,0,0,0,2857,2845,0,0,12,G8 R6 _U,44,unattached sand,EcoFAB,Brachypodium,Yes,No,8,29,21,unattached sand_EcoFAB_Brachypodium_Yes_8,unattached sand_EcoFAB_Brachypodium_Yes_21,unattached sand_EcoFAB_Brachypodium_Yes_8_21,unattached sand_EcoFAB_Brachypodium_Yes_8_29_21
926R_inline19_IT085,5267,1511,464,314,0,68,32,0,0,9,0,0,0,0,0,0,0,0,0,4,16,0,0,0,0,0,0,0,0,15,0,60,0,0,0,0,149,0,0,0,0,0,0,0,0,0,0,0,0,0,0,0,0,0,0,0,0,0,0,0,0,0,0,0,0,0,7909,7665,0,209,35,G9 R1 _A,104,Attached sand,EcoFAB,Brachypodium,Yes,No,3,24,21,Attached sand_EcoFAB_Brachypodium_Yes_3,Attached sand_EcoFAB_Brachypodium_Yes_21,Attached sand_EcoFAB_Brachypodium_Yes_3_21,Attached sand_EcoFAB_Brachypodium_Yes_3_24_21
926R_inline19_IT092,79,8,0,0,0,0,0,0,0,0,0,0,0,0,0,0,0,0,0,0,0,0,0,0,0,0,0,0,0,0,0,849,0,0,0,0,2434,0,0,0,0,0,0,0,0,0,0,0,0,0,0,0,0,0,0,0,0,0,0,0,0,0,0,0,0,0,3370,87,0,3283,0,G9 R1 _R,160,Root,EcoFAB,Brachypodium,Yes,No,3,24,21,Root_EcoFAB_Brachypodium_Yes_3,Root_EcoFAB_Brachypodium_Yes_21,Root_EcoFAB_Brachypodium_Yes_3_21,Root_EcoFAB_Brachypodium_Yes_3_24_21
926R_inline18_IT054,1973,527,264,711,0,25,5,0,0,10,0,0,0,0,0,0,0,0,0,0,7,0,0,0,0,0,0,0,0,0,0,21,0,0,0,0,45,0,0,0,0,0,0,0,0,0,0,0,0,0,0,0,0,0,0,0,0,0,0,0,0,0,0,0,0,0,3588,3515,0,66,7,G9 R1 _U,45,unattached sand,EcoFAB,Brachypodium,Yes,No,3,24,21,unattached sand_EcoFAB_Brachypodium_Yes_3,unattached sand_EcoFAB_Brachypodium_Yes_21,unattached sand_EcoFAB_Brachypodium_Yes_3_21,unattached sand_EcoFAB_Brachypodium_Yes_3_24_21
926R_inline19_IT002,2243,639,193,364,14,23,31,0,0,6,0,4,0,0,0,0,0,0,0,0,6,0,0,0,0,0,0,0,0,0,0,11,0,0,0,0,19,0,0,0,0,0,0,0,0,0,0,0,0,0,0,0,0,0,0,0,0,0,0,0,0,0,0,0,0,0,3553,3517,0,30,6,G9 R2 _A,105,Attached sand,EcoFAB,Brachypodium,Yes,No,3,24,21,Attached sand_EcoFAB_Brachypodium_Yes_3,Attached sand_EcoFAB_Brachypodium_Yes_21,Attached sand_EcoFAB_Brachypodium_Yes_3_21,Attached sand_EcoFAB_Brachypodium_Yes_3_24_21
926R_inline19_IT009,46,4,0,0,0,0,0,0,0,0,0,0,0,0,0,0,0,0,0,0,0,0,0,0,0,0,0,0,0,0,0,801,0,0,0,0,2983,0,0,0,0,0,0,0,0,0,0,0,0,0,0,0,0,0,0,0,0,0,0,0,0,0,0,0,0,0,3834,50,0,3784,0,G9 R2 _R,161,Root,EcoFAB,Brachypodium,Yes,No,3,24,21,Root_EcoFAB_Brachypodium_Yes_3,Root_EcoFAB_Brachypodium_Yes_21,Root_EcoFAB_Brachypodium_Yes_3_21,Root_EcoFAB_Brachypodium_Yes_3_24_21
926R_inline18_IT066,1027,302,401,1948,14,27,17,0,0,11,0,0,0,0,0,0,0,0,0,0,0,0,0,0,0,0,0,0,0,0,0,0,0,0,0,0,0,0,0,0,0,0,0,0,0,0,0,0,0,0,0,0,0,0,0,0,0,0,0,0,0,0,0,0,0,0,3747,3747,0,0,0,G9 R2 _U,46,unattached sand,EcoFAB,Brachypodium,Yes,No,3,24,21,unattached sand_EcoFAB_Brachypodium_Yes_3,unattached sand_EcoFAB_Brachypodium_Yes_21,unattached sand_EcoFAB_Brachypodium_Yes_3_21,unattached sand_EcoFAB_Brachypodium_Yes_3_24_21
926R_inline19_IT014,624,293,138,141,18,7,18,0,5,8,0,6,0,0,0,0,0,0,0,0,0,0,0,0,0,0,0,0,0,0,0,6,0,0,0,0,6,0,0,0,0,0,0,0,0,0,0,0,0,0,0,0,0,0,0,0,0,0,0,0,0,0,0,0,0,0,1270,1258,0,12,0,G9 R3 _A,106,Attached sand,EcoFAB,Brachypodium,Yes,No,3,24,21,Attached sand_EcoFAB_Brachypodium_Yes_3,Attached sand_EcoFAB_Brachypodium_Yes_21,Attached sand_EcoFAB_Brachypodium_Yes_3_21,Attached sand_EcoFAB_Brachypodium_Yes_3_24_21
926R_inline19_IT021,1006,43,29,0,0,0,16,0,0,13,0,0,0,0,0,0,0,0,0,0,0,0,0,0,0,0,0,0,0,0,0,961,0,0,0,0,2481,0,0,0,0,0,0,0,0,0,0,0,0,0,0,0,0,0,0,0,0,0,0,0,0,0,0,0,0,0,4549,1107,0,3442,0,G9 R3 _R,162,Root,EcoFAB,Brachypodium,Yes,No,3,24,21,Root_EcoFAB_Brachypodium_Yes_3,Root_EcoFAB_Brachypodium_Yes_21,Root_EcoFAB_Brachypodium_Yes_3_21,Root_EcoFAB_Brachypodium_Yes_3_24_21
926R_inline18_IT078,826,352,947,1246,4,8,13,0,9,12,0,13,0,0,0,0,0,0,0,0,0,0,0,0,0,0,0,0,0,0,0,0,0,0,0,0,0,0,0,0,0,0,0,0,0,0,0,0,0,0,0,0,0,0,0,0,0,0,0,0,0,0,0,0,0,0,3430,3430,0,0,0,G9 R3 _U,47,unattached sand,EcoFAB,Brachypodium,Yes,No,3,24,21,unattached sand_EcoFAB_Brachypodium_Yes_3,unattached sand_EcoFAB_Brachypodium_Yes_21,unattached sand_EcoFAB_Brachypodium_Yes_3_21,unattached sand_EcoFAB_Brachypodium_Yes_3_24_21
926R_inline19_IT026,1885,1040,1870,383,448,148,129,0,0,18,0,44,0,0,0,0,0,0,0,0,8,0,0,0,0,0,7,0,0,6,0,12,0,0,0,0,29,0,0,0,0,0,0,0,0,0,0,0,0,0,0,0,0,0,0,0,0,0,0,0,0,0,0,0,0,0,6027,5965,0,41,21,G9 R4 _A,107,Attached sand,EcoFAB,Brachypodium,Yes,No,3,24,21,Attached sand_EcoFAB_Brachypodium_Yes_3,Attached sand_EcoFAB_Brachypodium_Yes_21,Attached sand_EcoFAB_Brachypodium_Yes_3_21,Attached sand_EcoFAB_Brachypodium_Yes_3_24_21
926R_inline18_IT090,558,344,986,845,53,300,30,0,0,4,0,4,0,0,0,0,0,0,0,0,0,0,0,0,0,0,0,0,0,0,0,9,0,0,0,0,8,0,0,0,0,0,0,0,0,0,0,0,0,0,0,0,0,0,0,0,0,0,0,0,0,0,0,0,0,0,3141,3124,0,17,0,G9 R4 _U,48,unattached sand,EcoFAB,Brachypodium,Yes,No,3,24,21,unattached sand_EcoFAB_Brachypodium_Yes_3,unattached sand_EcoFAB_Brachypodium_Yes_21,unattached sand_EcoFAB_Brachypodium_Yes_3_21,unattached sand_EcoFAB_Brachypodium_Yes_3_24_21
926R_inline19_IT038,1755,911,522,421,10,16,14,0,0,4,0,43,0,0,0,0,0,0,0,0,0,0,0,0,0,0,0,0,0,0,0,4,0,0,0,0,6,0,0,0,0,0,0,0,0,0,0,0,0,0,0,0,0,0,0,0,0,0,0,0,0,0,0,0,0,0,3706,3696,0,10,0,G9 R5  _A,108,Attached sand,EcoFAB,Brachypodium,Yes,No,3,24,21,Attached sand_EcoFAB_Brachypodium_Yes_3,Attached sand_EcoFAB_Brachypodium_Yes_21,Attached sand_EcoFAB_Brachypodium_Yes_3_21,Attached sand_EcoFAB_Brachypodium_Yes_3_24_21
926R_inline19_IT045,14,0,0,0,0,0,0,0,0,0,0,0,0,0,0,0,0,0,0,0,0,0,0,0,0,0,0,0,0,0,0,728,0,0,0,0,1832,0,0,0,0,0,0,0,0,0,0,0,0,0,0,0,0,0,0,0,0,0,0,0,0,0,0,0,0,0,2574,14,0,2560,0,G9 R5  _R,164,Root,EcoFAB,Brachypodium,Yes,No,3,24,21,Root_EcoFAB_Brachypodium_Yes_3,Root_EcoFAB_Brachypodium_Yes_21,Root_EcoFAB_Brachypodium_Yes_3_21,Root_EcoFAB_Brachypodium_Yes_3_24_21
926R_inline18_IT007,859,292,395,1443,15,44,5,0,0,17,0,0,0,0,0,0,0,0,0,0,0,0,0,0,0,0,0,0,0,0,0,0,0,0,0,0,0,0,0,0,0,0,0,0,0,0,0,0,0,0,0,0,0,0,0,0,0,0,0,0,0,0,0,0,0,0,3070,3070,0,0,0,G9 R5  _U,49,unattached sand,EcoFAB,Brachypodium,Yes,No,3,24,21,unattached sand_EcoFAB_Brachypodium_Yes_3,unattached sand_EcoFAB_Brachypodium_Yes_21,unattached sand_EcoFAB_Brachypodium_Yes_3_21,unattached sand_EcoFAB_Brachypodium_Yes_3_24_21
926R_inline19_IT050,3670,1481,810,976,246,95,17,0,0,12,0,0,0,0,0,0,0,0,0,0,0,0,0,0,0,0,0,0,0,5,0,15,0,0,0,0,35,0,0,0,0,0,0,0,0,0,0,0,0,0,0,0,0,0,0,0,0,0,7,0,0,0,0,0,0,0,7369,7307,0,50,12,G9 R6 _A,109,Attached sand,EcoFAB,Brachypodium,Yes,No,3,24,21,Attached sand_EcoFAB_Brachypodium_Yes_3,Attached sand_EcoFAB_Brachypodium_Yes_21,Attached sand_EcoFAB_Brachypodium_Yes_3_21,Attached sand_EcoFAB_Brachypodium_Yes_3_24_21
926R_inline19_IT057,903,9,0,10,0,0,0,0,0,0,0,0,0,0,0,0,0,0,0,0,0,0,0,0,0,0,0,0,0,0,0,446,0,0,0,0,1187,0,0,0,0,0,0,0,0,0,0,0,0,0,0,0,0,0,0,0,0,0,0,0,0,0,0,0,0,0,2555,922,0,1633,0,G9 R6 _R,165,Root,EcoFAB,Brachypodium,Yes,No,3,24,21,Root_EcoFAB_Brachypodium_Yes_3,Root_EcoFAB_Brachypodium_Yes_21,Root_EcoFAB_Brachypodium_Yes_3_21,Root_EcoFAB_Brachypodium_Yes_3_24_21
926R_inline18_IT019,654,167,437,2191,6,27,0,0,0,8,0,0,0,0,0,0,0,0,0,0,0,0,0,0,0,0,0,0,0,0,0,7,0,0,0,0,6,0,0,0,0,0,0,0,0,0,0,0,0,0,0,0,0,0,0,0,0,0,0,0,0,0,0,0,0,0,3503,3490,0,13,0,G9 R6 _U,50,unattached sand,EcoFAB,Brachypodium,Yes,No,3,24,21,unattached sand_EcoFAB_Brachypodium_Yes_3,unattached sand_EcoFAB_Brachypodium_Yes_21,unattached sand_EcoFAB_Brachypodium_Yes_3_21,unattached sand_EcoFAB_Brachypodium_Yes_3_24_21
926R_inline18_IT037,377,27,636,367,17,4,191,199,831,29,294,323,15,15,8,0,0,0,0,0,0,0,0,0,0,0,12,0,0,0,0,0,0,0,0,0,0,0,0,0,0,0,0,0,0,0,0,0,0,0,0,0,0,0,0,0,0,0,0,0,0,0,0,0,0,0,3345,3333,0,0,12,SynCom_1 _liq,4,SynCom mix,liquid,None,Yes,No,0,0,0,SynCom mix_liquid_None_Yes_0,SynCom mix_liquid_None_Yes_0,SynCom mix_liquid_None_Yes_0_0,SynCom mix_liquid_None_Yes_0_0_0
926R_inline18_IT049,335,25,749,339,9,7,245,344,777,32,438,312,13,41,5,0,0,0,0,0,0,0,0,0,0,0,12,0,4,0,0,0,0,0,0,0,0,5,0,0,0,4,0,0,0,7,0,0,0,0,0,0,0,0,0,0,0,0,0,0,0,0,0,0,0,0,3703,3671,20,0,12,SynCom_2 _liq,5,SynCom mix,liquid,None,Yes,No,0,0,0,SynCom mix_liquid_None_Yes_0,SynCom mix_liquid_None_Yes_0,SynCom mix_liquid_None_Yes_0_0,SynCom mix_liquid_None_Yes_0_0_0
926R_inline19_IT086,8,0,0,13,0,0,0,0,0,0,0,0,0,0,0,0,0,0,0,0,0,0,0,0,0,0,0,0,0,0,0,0,0,0,0,0,0,0,0,0,0,0,0,0,0,0,0,0,0,0,0,0,0,0,0,0,0,0,0,0,0,0,0,0,0,0,21,21,0,0,0,,,,,,,,,,,,,,
926R_inline19_IT093,0,0,0,0,0,0,0,0,0,0,0,0,0,0,0,0,0,0,0,0,0,0,0,0,0,0,0,0,0,0,0,599,0,0,0,0,2124,0,0,0,0,0,0,0,0,0,0,0,0,0,0,0,0,0,0,0,0,0,0,0,0,0,0,0,0,0,2723,0,0,2723,0,,,,,,,,,,,,,,
926R_inline19_IT082,6,0,0,0,0,0,0,0,0,0,0,0,0,0,0,0,0,0,0,0,0,0,0,0,0,0,0,0,0,0,0,504,0,0,0,0,1823,0,0,0,0,0,0,0,0,0,0,0,0,0,0,0,0,0,0,0,0,0,0,0,0,0,0,0,0,0,2333,6,0,2327,0,,,,,,,,,,,,,,
926R_inline19_IT094,0,0,0,0,0,0,0,0,0,0,0,0,0,0,0,0,0,0,0,0,0,0,0,0,0,0,0,0,0,0,0,7,0,0,0,0,14,0,0,0,0,0,0,0,0,0,0,0,0,0,0,0,0,0,0,0,0,0,0,0,0,0,0,0,0,0,21,0,0,21,0,,,,,,,,,,,,,,
926R_inline19_IT064,0,0,0,0,0,0,0,0,0,0,0,0,0,0,0,0,0,0,0,0,0,0,0,0,0,0,0,0,0,0,0,257,0,0,0,0,1098,0,0,0,0,0,0,0,0,0,0,0,0,0,0,0,0,0,0,0,0,0,0,0,0,0,0,0,0,0,1355,0,0,1355,0,,,,,,,,,,,,,,
926R_inline19_IT083,0,0,0,7,0,0,0,0,0,0,0,0,0,0,0,0,0,0,0,0,0,0,0,0,0,0,0,0,0,0,0,859,0,0,0,0,2914,0,0,0,0,0,0,0,0,0,0,0,0,0,0,0,0,0,0,0,0,0,0,0,0,0,0,0,0,0,3780,7,0,3773,0,,,,,,,,,,,,,,
926R_inline19_IT029,0,0,0,0,0,0,0,0,0,0,0,0,0,0,0,0,0,0,0,0,0,0,0,0,0,0,0,0,0,0,0,509,0,0,0,0,441,0,0,0,0,0,0,0,0,0,0,0,0,0,0,0,0,0,0,0,0,0,0,0,0,0,0,0,0,0,950,0,0,950,0,,,,,,,,,,,,,,
926R_inline19_IT036,0,0,0,0,0,0,0,0,0,0,0,0,0,0,0,0,0,0,0,0,0,0,0,0,0,0,0,0,0,0,0,94,0,0,0,0,538,0,0,0,0,0,0,0,0,0,0,0,0,0,0,0,0,0,0,0,0,0,0,0,0,0,0,0,0,0,632,0,0,632,0,,,,,,,,,,,,,,
926R_inline18_IT040,0,0,0,13,0,0,0,0,0,0,0,0,0,0,0,0,0,0,0,0,0,0,0,0,0,0,0,0,0,0,0,0,0,0,0,0,0,0,0,0,0,0,0,0,0,0,0,0,0,0,0,0,0,0,0,0,0,0,0,0,0,0,0,0,0,0,13,13,0,0,0,,,,,,,,,,,,,,
926R_inline19_IT033,0,0,0,0,0,0,0,0,0,0,0,0,0,0,0,0,0,0,0,0,0,0,0,0,0,0,0,0,0,0,0,710,0,0,0,0,1608,0,0,0,0,0,0,0,0,0,0,0,0,0,0,0,0,0,0,0,0,0,0,0,0,0,0,0,0,0,2318,0,0,2318,0,,,,,,,,,,,,,,
