ComboInd1,Campaign_Name,Set_Sample_Number,Sample_Type,Growth_Method,Plant,Inoculated,Spiked,Inoc_Day,Harvest_Day,Inoc_Assay_Length,G1,G2,G3,G4
926R_inline18_IT061,G1 R1 _U,6,unattached sand,EcoFAB,None,Yes,No,0,0,0,unattached sand_EcoFAB_None_Yes_0,unattached sand_EcoFAB_None_Yes_0,unattached sand_EcoFAB_None_Yes_0_0,unattached sand_EcoFAB_None_Yes_0_0_0
926R_inline18_IT073,G1 R2 _U,7,unattached sand,EcoFAB,None,Yes,No,0,0,0,unattached sand_EcoFAB_None_Yes_0,unattached sand_EcoFAB_None_Yes_0,unattached sand_EcoFAB_None_Yes_0_0,unattached sand_EcoFAB_None_Yes_0_0_0
926R_inline18_IT085,G1 R3 _U,8,unattached sand,EcoFAB,None,Yes,No,0,0,0,unattached sand_EcoFAB_None_Yes_0,unattached sand_EcoFAB_None_Yes_0,unattached sand_EcoFAB_None_Yes_0_0,unattached sand_EcoFAB_None_Yes_0_0_0
926R_inline19_IT062,G10 R1 _A,110,Attached sand,EcoFAB,Brachypodium,Yes,No,0,21,21,Attached sand_EcoFAB_Brachypodium_Yes_0,Attached sand_EcoFAB_Brachypodium_Yes_21,Attached sand_EcoFAB_Brachypodium_Yes_0_21,Attached sand_EcoFAB_Brachypodium_Yes_0_21_21
926R_inline19_IT069,G10 R1 _R,166,Root,EcoFAB,Brachypodium,Yes,No,0,21,21,Root_EcoFAB_Brachypodium_Yes_0,Root_EcoFAB_Brachypodium_Yes_21,Root_EcoFAB_Brachypodium_Yes_0_21,Root_EcoFAB_Brachypodium_Yes_0_21_21
926R_inline18_IT031,G10 R1 _U,51,unattached sand,EcoFAB,Brachypodium,Yes,No,0,21,21,unattached sand_EcoFAB_Brachypodium_Yes_0,unattached sand_EcoFAB_Brachypodium_Yes_21,unattached sand_EcoFAB_Brachypodium_Yes_0_21,unattached sand_EcoFAB_Brachypodium_Yes_0_21_21
926R_inline19_IT074,G10 R2 _A,111,Attached sand,EcoFAB,Brachypodium,Yes,No,0,21,21,Attached sand_EcoFAB_Brachypodium_Yes_0,Attached sand_EcoFAB_Brachypodium_Yes_21,Attached sand_EcoFAB_Brachypodium_Yes_0_21,Attached sand_EcoFAB_Brachypodium_Yes_0_21_21
926R_inline19_IT081,G10 R2 _R,167,Root,EcoFAB,Brachypodium,Yes,No,0,21,21,Root_EcoFAB_Brachypodium_Yes_0,Root_EcoFAB_Brachypodium_Yes_21,Root_EcoFAB_Brachypodium_Yes_0_21,Root_EcoFAB_Brachypodium_Yes_0_21_21
926R_inline18_IT043,G10 R2 _U,52,unattached sand,EcoFAB,Brachypodium,Yes,No,0,21,21,unattached sand_EcoFAB_Brachypodium_Yes_0,unattached sand_EcoFAB_Brachypodium_Yes_21,unattached sand_EcoFAB_Brachypodium_Yes_0_21,unattached sand_EcoFAB_Brachypodium_Yes_0_21_21
926R_inline18_IT055,G10 R3 _U,53,unattached sand,EcoFAB,Brachypodium,Yes,No,0,21,21,unattached sand_EcoFAB_Brachypodium_Yes_0,unattached sand_EcoFAB_Brachypodium_Yes_21,unattached sand_EcoFAB_Brachypodium_Yes_0_21,unattached sand_EcoFAB_Brachypodium_Yes_0_21_21
926R_inline19_IT003,G10 R4 _A,113,Attached sand,EcoFAB,Brachypodium,Yes,No,0,21,21,Attached sand_EcoFAB_Brachypodium_Yes_0,Attached sand_EcoFAB_Brachypodium_Yes_21,Attached sand_EcoFAB_Brachypodium_Yes_0_21,Attached sand_EcoFAB_Brachypodium_Yes_0_21_21
926R_inline19_IT010,G10 R4 _R,169,Root,EcoFAB,Brachypodium,Yes,No,0,21,21,Root_EcoFAB_Brachypodium_Yes_0,Root_EcoFAB_Brachypodium_Yes_21,Root_EcoFAB_Brachypodium_Yes_0_21,Root_EcoFAB_Brachypodium_Yes_0_21_21
926R_inline18_IT067,G10 R4 _U,54,unattached sand,EcoFAB,Brachypodium,Yes,No,0,21,21,unattached sand_EcoFAB_Brachypodium_Yes_0,unattached sand_EcoFAB_Brachypodium_Yes_21,unattached sand_EcoFAB_Brachypodium_Yes_0_21,unattached sand_EcoFAB_Brachypodium_Yes_0_21_21
926R_inline19_IT015,G10 R5 _A,114,Attached sand,EcoFAB,Brachypodium,Yes,No,0,21,21,Attached sand_EcoFAB_Brachypodium_Yes_0,Attached sand_EcoFAB_Brachypodium_Yes_21,Attached sand_EcoFAB_Brachypodium_Yes_0_21,Attached sand_EcoFAB_Brachypodium_Yes_0_21_21
926R_inline19_IT022,G10 R5 _R,170,Root,EcoFAB,Brachypodium,Yes,No,0,21,21,Root_EcoFAB_Brachypodium_Yes_0,Root_EcoFAB_Brachypodium_Yes_21,Root_EcoFAB_Brachypodium_Yes_0_21,Root_EcoFAB_Brachypodium_Yes_0_21_21
926R_inline18_IT079,G10 R5 _U,55,unattached sand,EcoFAB,Brachypodium,Yes,No,0,21,21,unattached sand_EcoFAB_Brachypodium_Yes_0,unattached sand_EcoFAB_Brachypodium_Yes_21,unattached sand_EcoFAB_Brachypodium_Yes_0_21,unattached sand_EcoFAB_Brachypodium_Yes_0_21_21
926R_inline19_IT027,G10 R6 _A,115,Attached sand,EcoFAB,Brachypodium,Yes,No,0,21,21,Attached sand_EcoFAB_Brachypodium_Yes_0,Attached sand_EcoFAB_Brachypodium_Yes_21,Attached sand_EcoFAB_Brachypodium_Yes_0_21,Attached sand_EcoFAB_Brachypodium_Yes_0_21_21
926R_inline19_IT034,G10 R6 _R,171,Root,EcoFAB,Brachypodium,Yes,No,0,21,21,Root_EcoFAB_Brachypodium_Yes_0,Root_EcoFAB_Brachypodium_Yes_21,Root_EcoFAB_Brachypodium_Yes_0_21,Root_EcoFAB_Brachypodium_Yes_0_21_21
926R_inline18_IT091,G10 R6 _U,56,unattached sand,EcoFAB,Brachypodium,Yes,No,0,21,21,unattached sand_EcoFAB_Brachypodium_Yes_0,unattached sand_EcoFAB_Brachypodium_Yes_21,unattached sand_EcoFAB_Brachypodium_Yes_0_21,unattached sand_EcoFAB_Brachypodium_Yes_0_21_21
926R_inline19_IT039,G10 R7 _A,116,Attached sand,EcoFAB,Brachypodium,Yes,No,0,21,21,Attached sand_EcoFAB_Brachypodium_Yes_0,Attached sand_EcoFAB_Brachypodium_Yes_21,Attached sand_EcoFAB_Brachypodium_Yes_0_21,Attached sand_EcoFAB_Brachypodium_Yes_0_21_21
926R_inline19_IT046,G10 R7 _R,172,Root,EcoFAB,Brachypodium,Yes,No,0,21,21,Root_EcoFAB_Brachypodium_Yes_0,Root_EcoFAB_Brachypodium_Yes_21,Root_EcoFAB_Brachypodium_Yes_0_21,Root_EcoFAB_Brachypodium_Yes_0_21_21
926R_inline18_IT008,G10 R7 _U,57,unattached sand,EcoFAB,Brachypodium,Yes,No,0,21,21,unattached sand_EcoFAB_Brachypodium_Yes_0,unattached sand_EcoFAB_Brachypodium_Yes_21,unattached sand_EcoFAB_Brachypodium_Yes_0_21,unattached sand_EcoFAB_Brachypodium_Yes_0_21_21
926R_inline19_IT051,G10 R9 _A,117,Attached sand,EcoFAB,Brachypodium,Yes,No,0,21,21,Attached sand_EcoFAB_Brachypodium_Yes_0,Attached sand_EcoFAB_Brachypodium_Yes_21,Attached sand_EcoFAB_Brachypodium_Yes_0_21,Attached sand_EcoFAB_Brachypodium_Yes_0_21_21
926R_inline19_IT058,G10 R9 _R,173,Root,EcoFAB,Brachypodium,Yes,No,0,21,21,Root_EcoFAB_Brachypodium_Yes_0,Root_EcoFAB_Brachypodium_Yes_21,Root_EcoFAB_Brachypodium_Yes_0_21,Root_EcoFAB_Brachypodium_Yes_0_21_21
926R_inline18_IT020,G10 R9 _U,58,unattached sand,EcoFAB,Brachypodium,Yes,No,0,21,21,unattached sand_EcoFAB_Brachypodium_Yes_0,unattached sand_EcoFAB_Brachypodium_Yes_21,unattached sand_EcoFAB_Brachypodium_Yes_0_21,unattached sand_EcoFAB_Brachypodium_Yes_0_21_21
926R_inline19_IT063,G11 R1 _A,118,Attached sand,EcoFAB,Brachypodium,Yes,No,8S,29,21,Attached sand_EcoFAB_Brachypodium_Yes_8,Attached sand_EcoFAB_Brachypodium_Yes_21,Attached sand_EcoFAB_Brachypodium_Yes_8S_21,Attached sand_EcoFAB_Brachypodium_Yes_8S_29_21
926R_inline19_IT070,G11 R1 _R,174,Root,EcoFAB,Brachypodium,Yes,No,8S,29,21,Root_EcoFAB_Brachypodium_Yes_8,Root_EcoFAB_Brachypodium_Yes_21,Root_EcoFAB_Brachypodium_Yes_8S_21,Root_EcoFAB_Brachypodium_Yes_8S_29_21
926R_inline18_IT032,G11 R1 _U,59,unattached sand,EcoFAB,Brachypodium,Yes,No,8S,29,21,unattached sand_EcoFAB_Brachypodium_Yes_8,unattached sand_EcoFAB_Brachypodium_Yes_21,unattached sand_EcoFAB_Brachypodium_Yes_8S_21,unattached sand_EcoFAB_Brachypodium_Yes_8S_29_21
926R_inline19_IT040,G11 R10 _A,124,Attached sand,EcoFAB,Brachypodium,Yes,No,8S,29,21,Attached sand_EcoFAB_Brachypodium_Yes_8,Attached sand_EcoFAB_Brachypodium_Yes_21,Attached sand_EcoFAB_Brachypodium_Yes_8S_21,Attached sand_EcoFAB_Brachypodium_Yes_8S_29_21
926R_inline19_IT047,G11 R10 _R,180,Root,EcoFAB,Brachypodium,Yes,No,8S,29,21,Root_EcoFAB_Brachypodium_Yes_8,Root_EcoFAB_Brachypodium_Yes_21,Root_EcoFAB_Brachypodium_Yes_8S_21,Root_EcoFAB_Brachypodium_Yes_8S_29_21
926R_inline18_IT009,G11 R10 _U,65,unattached sand,EcoFAB,Brachypodium,Yes,No,8S,29,21,unattached sand_EcoFAB_Brachypodium_Yes_8,unattached sand_EcoFAB_Brachypodium_Yes_21,unattached sand_EcoFAB_Brachypodium_Yes_8S_21,unattached sand_EcoFAB_Brachypodium_Yes_8S_29_21
926R_inline19_IT075,G11 R3 _A,119,Attached sand,EcoFAB,Brachypodium,Yes,No,8S,29,21,Attached sand_EcoFAB_Brachypodium_Yes_8,Attached sand_EcoFAB_Brachypodium_Yes_21,Attached sand_EcoFAB_Brachypodium_Yes_8S_21,Attached sand_EcoFAB_Brachypodium_Yes_8S_29_21
926R_inline18_IT044,G11 R3 _U,60,unattached sand,EcoFAB,Brachypodium,Yes,No,8S,29,21,unattached sand_EcoFAB_Brachypodium_Yes_8,unattached sand_EcoFAB_Brachypodium_Yes_21,unattached sand_EcoFAB_Brachypodium_Yes_8S_21,unattached sand_EcoFAB_Brachypodium_Yes_8S_29_21
926R_inline18_IT056,G11 R6 _U,61,unattached sand,EcoFAB,Brachypodium,Yes,No,8S,29,21,unattached sand_EcoFAB_Brachypodium_Yes_8,unattached sand_EcoFAB_Brachypodium_Yes_21,unattached sand_EcoFAB_Brachypodium_Yes_8S_21,unattached sand_EcoFAB_Brachypodium_Yes_8S_29_21
926R_inline19_IT004,G11 R7 _A,121,Attached sand,EcoFAB,Brachypodium,Yes,No,8S,29,21,Attached sand_EcoFAB_Brachypodium_Yes_8,Attached sand_EcoFAB_Brachypodium_Yes_21,Attached sand_EcoFAB_Brachypodium_Yes_8S_21,Attached sand_EcoFAB_Brachypodium_Yes_8S_29_21
926R_inline19_IT011,G11 R7 _R,177,Root,EcoFAB,Brachypodium,Yes,No,8S,29,21,Root_EcoFAB_Brachypodium_Yes_8,Root_EcoFAB_Brachypodium_Yes_21,Root_EcoFAB_Brachypodium_Yes_8S_21,Root_EcoFAB_Brachypodium_Yes_8S_29_21
926R_inline18_IT068,G11 R7 _U,62,unattached sand,EcoFAB,Brachypodium,Yes,No,8S,29,21,unattached sand_EcoFAB_Brachypodium_Yes_8,unattached sand_EcoFAB_Brachypodium_Yes_21,unattached sand_EcoFAB_Brachypodium_Yes_8S_21,unattached sand_EcoFAB_Brachypodium_Yes_8S_29_21
926R_inline19_IT016,G11 R8 _A,122,Attached sand,EcoFAB,Brachypodium,Yes,No,8S,29,21,Attached sand_EcoFAB_Brachypodium_Yes_8,Attached sand_EcoFAB_Brachypodium_Yes_21,Attached sand_EcoFAB_Brachypodium_Yes_8S_21,Attached sand_EcoFAB_Brachypodium_Yes_8S_29_21
926R_inline19_IT023,G11 R8 _R,178,Root,EcoFAB,Brachypodium,Yes,No,8S,29,21,Root_EcoFAB_Brachypodium_Yes_8,Root_EcoFAB_Brachypodium_Yes_21,Root_EcoFAB_Brachypodium_Yes_8S_21,Root_EcoFAB_Brachypodium_Yes_8S_29_21
926R_inline18_IT080,G11 R8 _U,63,unattached sand,EcoFAB,Brachypodium,Yes,No,8S,29,21,unattached sand_EcoFAB_Brachypodium_Yes_8,unattached sand_EcoFAB_Brachypodium_Yes_21,unattached sand_EcoFAB_Brachypodium_Yes_8S_21,unattached sand_EcoFAB_Brachypodium_Yes_8S_29_21
926R_inline19_IT028,G11 R9 _A,123,Attached sand,EcoFAB,Brachypodium,Yes,No,8S,29,21,Attached sand_EcoFAB_Brachypodium_Yes_8,Attached sand_EcoFAB_Brachypodium_Yes_21,Attached sand_EcoFAB_Brachypodium_Yes_8S_21,Attached sand_EcoFAB_Brachypodium_Yes_8S_29_21
926R_inline19_IT035,G11 R9 _R,179,Root,EcoFAB,Brachypodium,Yes,No,8S,29,21,Root_EcoFAB_Brachypodium_Yes_8,Root_EcoFAB_Brachypodium_Yes_21,Root_EcoFAB_Brachypodium_Yes_8S_21,Root_EcoFAB_Brachypodium_Yes_8S_29_21
926R_inline18_IT092,G11 R9 _U,64,unattached sand,EcoFAB,Brachypodium,Yes,No,8S,29,21,unattached sand_EcoFAB_Brachypodium_Yes_8,unattached sand_EcoFAB_Brachypodium_Yes_21,unattached sand_EcoFAB_Brachypodium_Yes_8S_21,unattached sand_EcoFAB_Brachypodium_Yes_8S_29_21
926R_inline18_IT021,G12 R1 _U,66,unattached sand,EcoFAB,None,Yes,No,0,21,21,unattached sand_EcoFAB_None_Yes_0,unattached sand_EcoFAB_None_Yes_21,unattached sand_EcoFAB_None_Yes_0_21,unattached sand_EcoFAB_None_Yes_0_21_21
926R_inline18_IT033,G12 R2 _U,67,unattached sand,EcoFAB,None,Yes,No,0,21,21,unattached sand_EcoFAB_None_Yes_0,unattached sand_EcoFAB_None_Yes_21,unattached sand_EcoFAB_None_Yes_0_21,unattached sand_EcoFAB_None_Yes_0_21_21
926R_inline18_IT045,G12 R3 _U,68,unattached sand,EcoFAB,None,Yes,No,0,21,21,unattached sand_EcoFAB_None_Yes_0,unattached sand_EcoFAB_None_Yes_21,unattached sand_EcoFAB_None_Yes_0_21,unattached sand_EcoFAB_None_Yes_0_21_21
926R_inline19_IT052,G13 R1 _A,125,Attached sand,EcoFAB,Brachypodium,No,No,N,29,21,Attached sand_EcoFAB_Brachypodium_No_0,Attached sand_EcoFAB_Brachypodium_No_21,Attached sand_EcoFAB_Brachypodium_No_N_21,Attached sand_EcoFAB_Brachypodium_No_N_29_21
926R_inline19_IT059,G13 R1 _R,181,Root,EcoFAB,Brachypodium,No,No,N,29,21,Root_EcoFAB_Brachypodium_No_0,Root_EcoFAB_Brachypodium_No_21,Root_EcoFAB_Brachypodium_No_N_21,Root_EcoFAB_Brachypodium_No_N_29_21
926R_inline18_IT057,G13 R1 un _U,69,unattached sand,EcoFAB,Brachypodium,No,No,N,29,21,unattached sand_EcoFAB_Brachypodium_No_0,unattached sand_EcoFAB_Brachypodium_No_21,unattached sand_EcoFAB_Brachypodium_No_N_21,unattached sand_EcoFAB_Brachypodium_No_N_29_21
926R_inline19_IT071,G13 R2 _R,182,Root,EcoFAB,Brachypodium,No,No,N,29,21,Root_EcoFAB_Brachypodium_No_0,Root_EcoFAB_Brachypodium_No_21,Root_EcoFAB_Brachypodium_No_N_21,Root_EcoFAB_Brachypodium_No_N_29_21
926R_inline18_IT069,G13 R2 un _U,70,unattached sand,EcoFAB,Brachypodium,No,No,N,29,21,unattached sand_EcoFAB_Brachypodium_No_0,unattached sand_EcoFAB_Brachypodium_No_21,unattached sand_EcoFAB_Brachypodium_No_N_21,unattached sand_EcoFAB_Brachypodium_No_N_29_21
926R_inline19_IT076,G13 R3 _A,127,Attached sand,EcoFAB,Brachypodium,No,No,N,29,21,Attached sand_EcoFAB_Brachypodium_No_0,Attached sand_EcoFAB_Brachypodium_No_21,Attached sand_EcoFAB_Brachypodium_No_N_21,Attached sand_EcoFAB_Brachypodium_No_N_29_21
926R_inline18_IT081,G13 R3 un _U,71,unattached sand,EcoFAB,Brachypodium,No,No,N,29,21,unattached sand_EcoFAB_Brachypodium_No_0,unattached sand_EcoFAB_Brachypodium_No_21,unattached sand_EcoFAB_Brachypodium_No_N_21,unattached sand_EcoFAB_Brachypodium_No_N_29_21
926R_inline19_IT095,G14 R1 _R,184,Root,EcoFAB,Brachypodium,No,No,N,24,21,Root_EcoFAB_Brachypodium_No_0,Root_EcoFAB_Brachypodium_No_21,Root_EcoFAB_Brachypodium_No_N_21,Root_EcoFAB_Brachypodium_No_N_24_21
926R_inline18_IT093,G14 R1 un _U,72,unattached sand,EcoFAB,Brachypodium,No,No,N,24,21,unattached sand_EcoFAB_Brachypodium_No_0,unattached sand_EcoFAB_Brachypodium_No_21,unattached sand_EcoFAB_Brachypodium_No_N_21,unattached sand_EcoFAB_Brachypodium_No_N_24_21
926R_inline19_IT005,G14 R2 _A,129,Attached sand,EcoFAB,Brachypodium,No,No,N,24,21,Attached sand_EcoFAB_Brachypodium_No_0,Attached sand_EcoFAB_Brachypodium_No_21,Attached sand_EcoFAB_Brachypodium_No_N_21,Attached sand_EcoFAB_Brachypodium_No_N_24_21
926R_inline19_IT012,G14 R2 _R,185,Root,EcoFAB,Brachypodium,No,No,N,24,21,Root_EcoFAB_Brachypodium_No_0,Root_EcoFAB_Brachypodium_No_21,Root_EcoFAB_Brachypodium_No_N_21,Root_EcoFAB_Brachypodium_No_N_24_21
926R_inline18_IT010,G14 R2 un _U,73,unattached sand,EcoFAB,Brachypodium,No,No,N,24,21,unattached sand_EcoFAB_Brachypodium_No_0,unattached sand_EcoFAB_Brachypodium_No_21,unattached sand_EcoFAB_Brachypodium_No_N_21,unattached sand_EcoFAB_Brachypodium_No_N_24_21
926R_inline19_IT017,G14 R3 _A,130,Attached sand,EcoFAB,Brachypodium,No,No,N,24,21,Attached sand_EcoFAB_Brachypodium_No_0,Attached sand_EcoFAB_Brachypodium_No_21,Attached sand_EcoFAB_Brachypodium_No_N_21,Attached sand_EcoFAB_Brachypodium_No_N_24_21
926R_inline18_IT022,G14 R3 un _U,74,unattached sand,EcoFAB,Brachypodium,No,No,N,24,21,unattached sand_EcoFAB_Brachypodium_No_0,unattached sand_EcoFAB_Brachypodium_No_21,unattached sand_EcoFAB_Brachypodium_No_N_21,unattached sand_EcoFAB_Brachypodium_No_N_24_21
926R_inline18_IT034,G15 R1 un _U,75,unattached sand,EcoFAB,Brachypodium,No,No,N,21,21,unattached sand_EcoFAB_Brachypodium_No_3,unattached sand_EcoFAB_Brachypodium_No_21,unattached sand_EcoFAB_Brachypodium_No_N_21,unattached sand_EcoFAB_Brachypodium_No_N_21_21
926R_inline19_IT041,G15 R3 _A,132,Attached sand,EcoFAB,Brachypodium,No,No,N,21,21,Attached sand_EcoFAB_Brachypodium_No_3,Attached sand_EcoFAB_Brachypodium_No_21,Attached sand_EcoFAB_Brachypodium_No_N_21,Attached sand_EcoFAB_Brachypodium_No_N_21_21
926R_inline19_IT048,G15 R3 _R,188,Root,EcoFAB,Brachypodium,No,No,N,21,21,Root_EcoFAB_Brachypodium_No_3,Root_EcoFAB_Brachypodium_No_21,Root_EcoFAB_Brachypodium_No_N_21,Root_EcoFAB_Brachypodium_No_N_21_21
926R_inline18_IT046,G15 R3 un _U,76,unattached sand,EcoFAB,Brachypodium,No,No,N,21,21,unattached sand_EcoFAB_Brachypodium_No_3,unattached sand_EcoFAB_Brachypodium_No_21,unattached sand_EcoFAB_Brachypodium_No_N_21,unattached sand_EcoFAB_Brachypodium_No_N_21_21
926R_inline18_IT058,G2 R1 _A,77,Attached sand,EcoFAB,Brachypodium,Yes,No,8,14,6,Attached sand_EcoFAB_Brachypodium_Yes_8,Attached sand_EcoFAB_Brachypodium_Yes_6,Attached sand_EcoFAB_Brachypodium_Yes_8_6,Attached sand_EcoFAB_Brachypodium_Yes_8_14_6
926R_inline19_IT053,G2 R1 _R,133,Root,EcoFAB,Brachypodium,Yes,No,8,14,6,Root_EcoFAB_Brachypodium_Yes_8,Root_EcoFAB_Brachypodium_Yes_6,Root_EcoFAB_Brachypodium_Yes_8_6,Root_EcoFAB_Brachypodium_Yes_8_14_6
926R_inline18_IT002,G2 R1 _U,9,unattached sand,EcoFAB,Brachypodium,Yes,No,8,14,6,unattached sand_EcoFAB_Brachypodium_Yes_8,unattached sand_EcoFAB_Brachypodium_Yes_6,unattached sand_EcoFAB_Brachypodium_Yes_8_6,unattached sand_EcoFAB_Brachypodium_Yes_8_14_6
926R_inline18_IT070,G2 R2  _A,78,Attached sand,EcoFAB,Brachypodium,Yes,No,8,14,6,Attached sand_EcoFAB_Brachypodium_Yes_8,Attached sand_EcoFAB_Brachypodium_Yes_6,Attached sand_EcoFAB_Brachypodium_Yes_8_6,Attached sand_EcoFAB_Brachypodium_Yes_8_14_6
926R_inline19_IT065,G2 R2  _R,134,Root,EcoFAB,Brachypodium,Yes,No,8,14,6,Root_EcoFAB_Brachypodium_Yes_8,Root_EcoFAB_Brachypodium_Yes_6,Root_EcoFAB_Brachypodium_Yes_8_6,Root_EcoFAB_Brachypodium_Yes_8_14_6
926R_inline18_IT014,G2 R2  _U,10,unattached sand,EcoFAB,Brachypodium,Yes,No,8,14,6,unattached sand_EcoFAB_Brachypodium_Yes_8,unattached sand_EcoFAB_Brachypodium_Yes_6,unattached sand_EcoFAB_Brachypodium_Yes_8_6,unattached sand_EcoFAB_Brachypodium_Yes_8_14_6
926R_inline18_IT082,G2 R3 _A,79,Attached sand,EcoFAB,Brachypodium,Yes,No,8,14,6,Attached sand_EcoFAB_Brachypodium_Yes_8,Attached sand_EcoFAB_Brachypodium_Yes_6,Attached sand_EcoFAB_Brachypodium_Yes_8_6,Attached sand_EcoFAB_Brachypodium_Yes_8_14_6
926R_inline19_IT077,G2 R3 _R,135,Root,EcoFAB,Brachypodium,Yes,No,8,14,6,Root_EcoFAB_Brachypodium_Yes_8,Root_EcoFAB_Brachypodium_Yes_6,Root_EcoFAB_Brachypodium_Yes_8_6,Root_EcoFAB_Brachypodium_Yes_8_14_6
926R_inline18_IT026,G2 R3 _U,11,unattached sand,EcoFAB,Brachypodium,Yes,No,8,14,6,unattached sand_EcoFAB_Brachypodium_Yes_8,unattached sand_EcoFAB_Brachypodium_Yes_6,unattached sand_EcoFAB_Brachypodium_Yes_8_6,unattached sand_EcoFAB_Brachypodium_Yes_8_14_6
926R_inline18_IT094,G2 R4 _A,80,Attached sand,EcoFAB,Brachypodium,Yes,No,8,14,6,Attached sand_EcoFAB_Brachypodium_Yes_8,Attached sand_EcoFAB_Brachypodium_Yes_6,Attached sand_EcoFAB_Brachypodium_Yes_8_6,Attached sand_EcoFAB_Brachypodium_Yes_8_14_6
926R_inline19_IT089,G2 R4 _R,136,Root,EcoFAB,Brachypodium,Yes,No,8,14,6,Root_EcoFAB_Brachypodium_Yes_8,Root_EcoFAB_Brachypodium_Yes_6,Root_EcoFAB_Brachypodium_Yes_8_6,Root_EcoFAB_Brachypodium_Yes_8_14_6
926R_inline18_IT038,G2 R4 _U,12,unattached sand,EcoFAB,Brachypodium,Yes,No,8,14,6,unattached sand_EcoFAB_Brachypodium_Yes_8,unattached sand_EcoFAB_Brachypodium_Yes_6,unattached sand_EcoFAB_Brachypodium_Yes_8_6,unattached sand_EcoFAB_Brachypodium_Yes_8_14_6
926R_inline18_IT011,G2 R5 _A,81,Attached sand,EcoFAB,Brachypodium,Yes,No,8,14,6,Attached sand_EcoFAB_Brachypodium_Yes_8,Attached sand_EcoFAB_Brachypodium_Yes_6,Attached sand_EcoFAB_Brachypodium_Yes_8_6,Attached sand_EcoFAB_Brachypodium_Yes_8_14_6
926R_inline19_IT006,G2 R5 _R,137,Root,EcoFAB,Brachypodium,Yes,No,8,14,6,Root_EcoFAB_Brachypodium_Yes_8,Root_EcoFAB_Brachypodium_Yes_6,Root_EcoFAB_Brachypodium_Yes_8_6,Root_EcoFAB_Brachypodium_Yes_8_14_6
926R_inline18_IT050,G2 R5 _U,13,unattached sand,EcoFAB,Brachypodium,Yes,No,8,14,6,unattached sand_EcoFAB_Brachypodium_Yes_8,unattached sand_EcoFAB_Brachypodium_Yes_6,unattached sand_EcoFAB_Brachypodium_Yes_8_6,unattached sand_EcoFAB_Brachypodium_Yes_8_14_6
926R_inline18_IT023,G2 R6 _A,82,Attached sand,EcoFAB,Brachypodium,Yes,No,8,14,6,Attached sand_EcoFAB_Brachypodium_Yes_8,Attached sand_EcoFAB_Brachypodium_Yes_6,Attached sand_EcoFAB_Brachypodium_Yes_8_6,Attached sand_EcoFAB_Brachypodium_Yes_8_14_6
926R_inline19_IT018,G2 R6 _R,138,Root,EcoFAB,Brachypodium,Yes,No,8,14,6,Root_EcoFAB_Brachypodium_Yes_8,Root_EcoFAB_Brachypodium_Yes_6,Root_EcoFAB_Brachypodium_Yes_8_6,Root_EcoFAB_Brachypodium_Yes_8_14_6
926R_inline18_IT062,G2 R6 _U,14,unattached sand,EcoFAB,Brachypodium,Yes,No,8,14,6,unattached sand_EcoFAB_Brachypodium_Yes_8,unattached sand_EcoFAB_Brachypodium_Yes_6,unattached sand_EcoFAB_Brachypodium_Yes_8_6,unattached sand_EcoFAB_Brachypodium_Yes_8_14_6
926R_inline18_IT035,G3 R1 _A,83,Attached sand,EcoFAB,Brachypodium,Yes,No,3,14,11,Attached sand_EcoFAB_Brachypodium_Yes_3,Attached sand_EcoFAB_Brachypodium_Yes_11,Attached sand_EcoFAB_Brachypodium_Yes_3_11,Attached sand_EcoFAB_Brachypodium_Yes_3_14_11
926R_inline19_IT030,G3 R1 _R,139,Root,EcoFAB,Brachypodium,Yes,No,3,14,11,Root_EcoFAB_Brachypodium_Yes_3,Root_EcoFAB_Brachypodium_Yes_11,Root_EcoFAB_Brachypodium_Yes_3_11,Root_EcoFAB_Brachypodium_Yes_3_14_11
926R_inline18_IT074,G3 R1 _U,15,unattached sand,EcoFAB,Brachypodium,Yes,No,3,14,11,unattached sand_EcoFAB_Brachypodium_Yes_3,unattached sand_EcoFAB_Brachypodium_Yes_11,unattached sand_EcoFAB_Brachypodium_Yes_3_11,unattached sand_EcoFAB_Brachypodium_Yes_3_14_11
926R_inline19_IT042,G3 R2 _R,140,Root,EcoFAB,Brachypodium,Yes,No,3,14,11,Root_EcoFAB_Brachypodium_Yes_3,Root_EcoFAB_Brachypodium_Yes_11,Root_EcoFAB_Brachypodium_Yes_3_11,Root_EcoFAB_Brachypodium_Yes_3_14_11
926R_inline18_IT086,G3 R2 _U,16,unattached sand,EcoFAB,Brachypodium,Yes,No,3,14,11,unattached sand_EcoFAB_Brachypodium_Yes_3,unattached sand_EcoFAB_Brachypodium_Yes_11,unattached sand_EcoFAB_Brachypodium_Yes_3_11,unattached sand_EcoFAB_Brachypodium_Yes_3_14_11
926R_inline18_IT059,G3 R3 _A,85,Attached sand,EcoFAB,Brachypodium,Yes,No,3,14,11,Attached sand_EcoFAB_Brachypodium_Yes_3,Attached sand_EcoFAB_Brachypodium_Yes_11,Attached sand_EcoFAB_Brachypodium_Yes_3_11,Attached sand_EcoFAB_Brachypodium_Yes_3_14_11
926R_inline19_IT054,G3 R3 _R,141,Root,EcoFAB,Brachypodium,Yes,No,3,14,11,Root_EcoFAB_Brachypodium_Yes_3,Root_EcoFAB_Brachypodium_Yes_11,Root_EcoFAB_Brachypodium_Yes_3_11,Root_EcoFAB_Brachypodium_Yes_3_14_11
926R_inline18_IT003,G3 R3 _U,17,unattached sand,EcoFAB,Brachypodium,Yes,No,3,14,11,unattached sand_EcoFAB_Brachypodium_Yes_3,unattached sand_EcoFAB_Brachypodium_Yes_11,unattached sand_EcoFAB_Brachypodium_Yes_3_11,unattached sand_EcoFAB_Brachypodium_Yes_3_14_11
926R_inline18_IT071,G3 R4 _A,86,Attached sand,EcoFAB,Brachypodium,Yes,No,3,14,11,Attached sand_EcoFAB_Brachypodium_Yes_3,Attached sand_EcoFAB_Brachypodium_Yes_11,Attached sand_EcoFAB_Brachypodium_Yes_3_11,Attached sand_EcoFAB_Brachypodium_Yes_3_14_11
926R_inline19_IT066,G3 R4 _R,142,Root,EcoFAB,Brachypodium,Yes,No,3,14,11,Root_EcoFAB_Brachypodium_Yes_3,Root_EcoFAB_Brachypodium_Yes_11,Root_EcoFAB_Brachypodium_Yes_3_11,Root_EcoFAB_Brachypodium_Yes_3_14_11
926R_inline18_IT015,G3 R4 _U,18,unattached sand,EcoFAB,Brachypodium,Yes,No,3,14,11,unattached sand_EcoFAB_Brachypodium_Yes_3,unattached sand_EcoFAB_Brachypodium_Yes_11,unattached sand_EcoFAB_Brachypodium_Yes_3_11,unattached sand_EcoFAB_Brachypodium_Yes_3_14_11
926R_inline18_IT083,G3 R5 _A,87,Attached sand,EcoFAB,Brachypodium,Yes,No,3,14,11,Attached sand_EcoFAB_Brachypodium_Yes_3,Attached sand_EcoFAB_Brachypodium_Yes_11,Attached sand_EcoFAB_Brachypodium_Yes_3_11,Attached sand_EcoFAB_Brachypodium_Yes_3_14_11
926R_inline19_IT078,G3 R5 _R,143,Root,EcoFAB,Brachypodium,Yes,No,3,14,11,Root_EcoFAB_Brachypodium_Yes_3,Root_EcoFAB_Brachypodium_Yes_11,Root_EcoFAB_Brachypodium_Yes_3_11,Root_EcoFAB_Brachypodium_Yes_3_14_11
926R_inline18_IT027,G3 R5 _U,19,unattached sand,EcoFAB,Brachypodium,Yes,No,3,14,11,unattached sand_EcoFAB_Brachypodium_Yes_3,unattached sand_EcoFAB_Brachypodium_Yes_11,unattached sand_EcoFAB_Brachypodium_Yes_3_11,unattached sand_EcoFAB_Brachypodium_Yes_3_14_11
926R_inline18_IT095,G3 R6 _A,88,Attached sand,EcoFAB,Brachypodium,Yes,No,3,14,11,Attached sand_EcoFAB_Brachypodium_Yes_3,Attached sand_EcoFAB_Brachypodium_Yes_11,Attached sand_EcoFAB_Brachypodium_Yes_3_11,Attached sand_EcoFAB_Brachypodium_Yes_3_14_11
926R_inline19_IT090,G3 R6 _R,144,Root,EcoFAB,Brachypodium,Yes,No,3,14,11,Root_EcoFAB_Brachypodium_Yes_3,Root_EcoFAB_Brachypodium_Yes_11,Root_EcoFAB_Brachypodium_Yes_3_11,Root_EcoFAB_Brachypodium_Yes_3_14_11
926R_inline18_IT039,G3 R6 _U,20,unattached sand,EcoFAB,Brachypodium,Yes,No,3,14,11,unattached sand_EcoFAB_Brachypodium_Yes_3,unattached sand_EcoFAB_Brachypodium_Yes_11,unattached sand_EcoFAB_Brachypodium_Yes_3_11,unattached sand_EcoFAB_Brachypodium_Yes_3_14_11
926R_inline18_IT012,G4 R1 _A,89,Attached sand,EcoFAB,Brachypodium,Yes,No,0,14,14,Attached sand_EcoFAB_Brachypodium_Yes_0,Attached sand_EcoFAB_Brachypodium_Yes_14,Attached sand_EcoFAB_Brachypodium_Yes_0_14,Attached sand_EcoFAB_Brachypodium_Yes_0_14_14
926R_inline19_IT007,G4 R1 _R,145,Root,EcoFAB,Brachypodium,Yes,No,0,14,14,Root_EcoFAB_Brachypodium_Yes_0,Root_EcoFAB_Brachypodium_Yes_14,Root_EcoFAB_Brachypodium_Yes_0_14,Root_EcoFAB_Brachypodium_Yes_0_14_14
926R_inline18_IT051,G4 R1 _U,21,unattached sand,EcoFAB,Brachypodium,Yes,No,0,14,14,unattached sand_EcoFAB_Brachypodium_Yes_0,unattached sand_EcoFAB_Brachypodium_Yes_14,unattached sand_EcoFAB_Brachypodium_Yes_0_14,unattached sand_EcoFAB_Brachypodium_Yes_0_14_14
926R_inline19_IT001,G4 R10 _A,97,Attached sand,EcoFAB,Brachypodium,Yes,No,0,14,14,Attached sand_EcoFAB_Brachypodium_Yes_0,Attached sand_EcoFAB_Brachypodium_Yes_14,Attached sand_EcoFAB_Brachypodium_Yes_0_14,Attached sand_EcoFAB_Brachypodium_Yes_0_14_14
926R_inline19_IT008,G4 R10 _R,153,Root,EcoFAB,Brachypodium,Yes,No,0,14,14,Root_EcoFAB_Brachypodium_Yes_0,Root_EcoFAB_Brachypodium_Yes_14,Root_EcoFAB_Brachypodium_Yes_0_14,Root_EcoFAB_Brachypodium_Yes_0_14_14
926R_inline18_IT052,G4 R10 _U,29,unattached sand,EcoFAB,Brachypodium,Yes,No,0,14,14,unattached sand_EcoFAB_Brachypodium_Yes_0,unattached sand_EcoFAB_Brachypodium_Yes_14,unattached sand_EcoFAB_Brachypodium_Yes_0_14,unattached sand_EcoFAB_Brachypodium_Yes_0_14_14
926R_inline18_IT024,G4 R2 _A,90,Attached sand,EcoFAB,Brachypodium,Yes,No,0,14,14,Attached sand_EcoFAB_Brachypodium_Yes_0,Attached sand_EcoFAB_Brachypodium_Yes_14,Attached sand_EcoFAB_Brachypodium_Yes_0_14,Attached sand_EcoFAB_Brachypodium_Yes_0_14_14
926R_inline19_IT019,G4 R2 _R,146,Root,EcoFAB,Brachypodium,Yes,No,0,14,14,Root_EcoFAB_Brachypodium_Yes_0,Root_EcoFAB_Brachypodium_Yes_14,Root_EcoFAB_Brachypodium_Yes_0_14,Root_EcoFAB_Brachypodium_Yes_0_14_14
926R_inline18_IT063,G4 R2 _U,22,unattached sand,EcoFAB,Brachypodium,Yes,No,0,14,14,unattached sand_EcoFAB_Brachypodium_Yes_0,unattached sand_EcoFAB_Brachypodium_Yes_14,unattached sand_EcoFAB_Brachypodium_Yes_0_14,unattached sand_EcoFAB_Brachypodium_Yes_0_14_14
926R_inline18_IT036,G4 R3 _A,91,Attached sand,EcoFAB,Brachypodium,Yes,No,0,14,14,Attached sand_EcoFAB_Brachypodium_Yes_0,Attached sand_EcoFAB_Brachypodium_Yes_14,Attached sand_EcoFAB_Brachypodium_Yes_0_14,Attached sand_EcoFAB_Brachypodium_Yes_0_14_14
926R_inline19_IT031,G4 R3 _R,147,Root,EcoFAB,Brachypodium,Yes,No,0,14,14,Root_EcoFAB_Brachypodium_Yes_0,Root_EcoFAB_Brachypodium_Yes_14,Root_EcoFAB_Brachypodium_Yes_0_14,Root_EcoFAB_Brachypodium_Yes_0_14_14
926R_inline18_IT075,G4 R3 _U,23,unattached sand,EcoFAB,Brachypodium,Yes,No,0,14,14,unattached sand_EcoFAB_Brachypodium_Yes_0,unattached sand_EcoFAB_Brachypodium_Yes_14,unattached sand_EcoFAB_Brachypodium_Yes_0_14,unattached sand_EcoFAB_Brachypodium_Yes_0_14_14
926R_inline18_IT048,G4 R4 _A,92,Attached sand,EcoFAB,Brachypodium,Yes,No,0,14,14,Attached sand_EcoFAB_Brachypodium_Yes_0,Attached sand_EcoFAB_Brachypodium_Yes_14,Attached sand_EcoFAB_Brachypodium_Yes_0_14,Attached sand_EcoFAB_Brachypodium_Yes_0_14_14
926R_inline19_IT043,G4 R4 _R,148,Root,EcoFAB,Brachypodium,Yes,No,0,14,14,Root_EcoFAB_Brachypodium_Yes_0,Root_EcoFAB_Brachypodium_Yes_14,Root_EcoFAB_Brachypodium_Yes_0_14,Root_EcoFAB_Brachypodium_Yes_0_14_14
926R_inline18_IT087,G4 R4 _U,24,unattached sand,EcoFAB,Brachypodium,Yes,No,0,14,14,unattached sand_EcoFAB_Brachypodium_Yes_0,unattached sand_EcoFAB_Brachypodium_Yes_14,unattached sand_EcoFAB_Brachypodium_Yes_0_14,unattached sand_EcoFAB_Brachypodium_Yes_0_14_14
926R_inline18_IT060,G4 R5 _A,93,Attached sand,EcoFAB,Brachypodium,Yes,No,0,14,14,Attached sand_EcoFAB_Brachypodium_Yes_0,Attached sand_EcoFAB_Brachypodium_Yes_14,Attached sand_EcoFAB_Brachypodium_Yes_0_14,Attached sand_EcoFAB_Brachypodium_Yes_0_14_14
926R_inline19_IT055,G4 R5 _R,149,Root,EcoFAB,Brachypodium,Yes,No,0,14,14,Root_EcoFAB_Brachypodium_Yes_0,Root_EcoFAB_Brachypodium_Yes_14,Root_EcoFAB_Brachypodium_Yes_0_14,Root_EcoFAB_Brachypodium_Yes_0_14_14
926R_inline18_IT004,G4 R5 _U,25,unattached sand,EcoFAB,Brachypodium,Yes,No,0,14,14,unattached sand_EcoFAB_Brachypodium_Yes_0,unattached sand_EcoFAB_Brachypodium_Yes_14,unattached sand_EcoFAB_Brachypodium_Yes_0_14,unattached sand_EcoFAB_Brachypodium_Yes_0_14_14
926R_inline18_IT072,G4 R7 _A,94,Attached sand,EcoFAB,Brachypodium,Yes,No,0,14,14,Attached sand_EcoFAB_Brachypodium_Yes_0,Attached sand_EcoFAB_Brachypodium_Yes_14,Attached sand_EcoFAB_Brachypodium_Yes_0_14,Attached sand_EcoFAB_Brachypodium_Yes_0_14_14
926R_inline19_IT067,G4 R7 _R,150,Root,EcoFAB,Brachypodium,Yes,No,0,14,14,Root_EcoFAB_Brachypodium_Yes_0,Root_EcoFAB_Brachypodium_Yes_14,Root_EcoFAB_Brachypodium_Yes_0_14,Root_EcoFAB_Brachypodium_Yes_0_14_14
926R_inline18_IT016,G4 R7 _U,26,unattached sand,EcoFAB,Brachypodium,Yes,No,0,14,14,unattached sand_EcoFAB_Brachypodium_Yes_0,unattached sand_EcoFAB_Brachypodium_Yes_14,unattached sand_EcoFAB_Brachypodium_Yes_0_14,unattached sand_EcoFAB_Brachypodium_Yes_0_14_14
926R_inline18_IT084,G4 R8 _A,95,Attached sand,EcoFAB,Brachypodium,Yes,No,0,14,14,Attached sand_EcoFAB_Brachypodium_Yes_0,Attached sand_EcoFAB_Brachypodium_Yes_14,Attached sand_EcoFAB_Brachypodium_Yes_0_14,Attached sand_EcoFAB_Brachypodium_Yes_0_14_14
926R_inline19_IT079,G4 R8 _R,151,Root,EcoFAB,Brachypodium,Yes,No,0,14,14,Root_EcoFAB_Brachypodium_Yes_0,Root_EcoFAB_Brachypodium_Yes_14,Root_EcoFAB_Brachypodium_Yes_0_14,Root_EcoFAB_Brachypodium_Yes_0_14_14
926R_inline18_IT028,G4 R8 _U,27,unattached sand,EcoFAB,Brachypodium,Yes,No,0,14,14,unattached sand_EcoFAB_Brachypodium_Yes_0,unattached sand_EcoFAB_Brachypodium_Yes_14,unattached sand_EcoFAB_Brachypodium_Yes_0_14,unattached sand_EcoFAB_Brachypodium_Yes_0_14_14
926R_inline18_IT096,G4 R9 _A,96,Attached sand,EcoFAB,Brachypodium,Yes,No,0,14,14,Attached sand_EcoFAB_Brachypodium_Yes_0,Attached sand_EcoFAB_Brachypodium_Yes_14,Attached sand_EcoFAB_Brachypodium_Yes_0_14,Attached sand_EcoFAB_Brachypodium_Yes_0_14_14
926R_inline19_IT091,G4 R9 _R,152,Root,EcoFAB,Brachypodium,Yes,No,0,14,14,Root_EcoFAB_Brachypodium_Yes_0,Root_EcoFAB_Brachypodium_Yes_14,Root_EcoFAB_Brachypodium_Yes_0_14,Root_EcoFAB_Brachypodium_Yes_0_14_14
926R_inline18_IT064,G5 R1 _U,30,unattached sand,EcoFAB,None,Yes,No,8,14,6,unattached sand_EcoFAB_None_Yes_0,unattached sand_EcoFAB_None_Yes_6,unattached sand_EcoFAB_None_Yes_8_6,unattached sand_EcoFAB_None_Yes_8_14_6
926R_inline18_IT076,G5 R2 _U,31,unattached sand,EcoFAB,None,Yes,No,8,14,6,unattached sand_EcoFAB_None_Yes_0,unattached sand_EcoFAB_None_Yes_6,unattached sand_EcoFAB_None_Yes_8_6,unattached sand_EcoFAB_None_Yes_8_14_6
926R_inline18_IT088,G5 R3 _U,32,unattached sand,EcoFAB,None,Yes,No,8,14,6,unattached sand_EcoFAB_None_Yes_0,unattached sand_EcoFAB_None_Yes_6,unattached sand_EcoFAB_None_Yes_8_6,unattached sand_EcoFAB_None_Yes_8_14_6
926R_inline18_IT005,G6 R1 _U,33,unattached sand,EcoFAB,None,Yes,No,3,14,11,unattached sand_EcoFAB_None_Yes_3,unattached sand_EcoFAB_None_Yes_11,unattached sand_EcoFAB_None_Yes_3_11,unattached sand_EcoFAB_None_Yes_3_14_11
926R_inline18_IT017,G6 R2 _U,34,unattached sand,EcoFAB,None,Yes,No,3,14,11,unattached sand_EcoFAB_None_Yes_3,unattached sand_EcoFAB_None_Yes_11,unattached sand_EcoFAB_None_Yes_3_11,unattached sand_EcoFAB_None_Yes_3_14_11
926R_inline18_IT029,G6 R3 _U,35,unattached sand,EcoFAB,None,Yes,No,3,14,11,unattached sand_EcoFAB_None_Yes_3,unattached sand_EcoFAB_None_Yes_11,unattached sand_EcoFAB_None_Yes_3_11,unattached sand_EcoFAB_None_Yes_3_14_11
926R_inline18_IT041,G7 R1 _U,36,unattached sand,EcoFAB,None,Yes,No,0,14,14,unattached sand_EcoFAB_None_Yes_0,unattached sand_EcoFAB_None_Yes_14,unattached sand_EcoFAB_None_Yes_0_14,unattached sand_EcoFAB_None_Yes_0_14_14
926R_inline18_IT053,G7 R2 _U,37,unattached sand,EcoFAB,None,Yes,No,0,14,14,unattached sand_EcoFAB_None_Yes_0,unattached sand_EcoFAB_None_Yes_14,unattached sand_EcoFAB_None_Yes_0_14,unattached sand_EcoFAB_None_Yes_0_14_14
926R_inline18_IT065,G7 R3 _U,38,unattached sand,EcoFAB,None,Yes,No,0,14,14,unattached sand_EcoFAB_None_Yes_0,unattached sand_EcoFAB_None_Yes_14,unattached sand_EcoFAB_None_Yes_0_14,unattached sand_EcoFAB_None_Yes_0_14_14
926R_inline19_IT013,G8 R1 _A,98,Attached sand,EcoFAB,Brachypodium,Yes,No,8,29,21,Attached sand_EcoFAB_Brachypodium_Yes_8,Attached sand_EcoFAB_Brachypodium_Yes_21,Attached sand_EcoFAB_Brachypodium_Yes_8_21,Attached sand_EcoFAB_Brachypodium_Yes_8_29_21
926R_inline19_IT020,G8 R1 _R,154,Root,EcoFAB,Brachypodium,Yes,No,8,29,21,Root_EcoFAB_Brachypodium_Yes_8,Root_EcoFAB_Brachypodium_Yes_21,Root_EcoFAB_Brachypodium_Yes_8_21,Root_EcoFAB_Brachypodium_Yes_8_29_21
926R_inline19_IT025,G8 R2 _A,99,Attached sand,EcoFAB,Brachypodium,Yes,No,8,29,21,Attached sand_EcoFAB_Brachypodium_Yes_8,Attached sand_EcoFAB_Brachypodium_Yes_21,Attached sand_EcoFAB_Brachypodium_Yes_8_21,Attached sand_EcoFAB_Brachypodium_Yes_8_29_21
926R_inline19_IT032,G8 R2 _R,155,Root,EcoFAB,Brachypodium,Yes,No,8,29,21,Root_EcoFAB_Brachypodium_Yes_8,Root_EcoFAB_Brachypodium_Yes_21,Root_EcoFAB_Brachypodium_Yes_8_21,Root_EcoFAB_Brachypodium_Yes_8_29_21
926R_inline18_IT089,G8 R2 _U,40,unattached sand,EcoFAB,Brachypodium,Yes,No,8,29,21,unattached sand_EcoFAB_Brachypodium_Yes_8,unattached sand_EcoFAB_Brachypodium_Yes_21,unattached sand_EcoFAB_Brachypodium_Yes_8_21,unattached sand_EcoFAB_Brachypodium_Yes_8_29_21
926R_inline19_IT037,G8 R3 _A,100,Attached sand,EcoFAB,Brachypodium,Yes,No,8,29,21,Attached sand_EcoFAB_Brachypodium_Yes_8,Attached sand_EcoFAB_Brachypodium_Yes_21,Attached sand_EcoFAB_Brachypodium_Yes_8_21,Attached sand_EcoFAB_Brachypodium_Yes_8_29_21
926R_inline19_IT044,G8 R3 _R,156,Root,EcoFAB,Brachypodium,Yes,No,8,29,21,Root_EcoFAB_Brachypodium_Yes_8,Root_EcoFAB_Brachypodium_Yes_21,Root_EcoFAB_Brachypodium_Yes_8_21,Root_EcoFAB_Brachypodium_Yes_8_29_21
926R_inline18_IT006,G8 R3 _U,41,unattached sand,EcoFAB,Brachypodium,Yes,No,8,29,21,unattached sand_EcoFAB_Brachypodium_Yes_8,unattached sand_EcoFAB_Brachypodium_Yes_21,unattached sand_EcoFAB_Brachypodium_Yes_8_21,unattached sand_EcoFAB_Brachypodium_Yes_8_29_21
926R_inline19_IT049,G8 R4 _A,101,Attached sand,EcoFAB,Brachypodium,Yes,No,8,29,21,Attached sand_EcoFAB_Brachypodium_Yes_8,Attached sand_EcoFAB_Brachypodium_Yes_21,Attached sand_EcoFAB_Brachypodium_Yes_8_21,Attached sand_EcoFAB_Brachypodium_Yes_8_29_21
926R_inline19_IT056,G8 R4 _R,157,Root,EcoFAB,Brachypodium,Yes,No,8,29,21,Root_EcoFAB_Brachypodium_Yes_8,Root_EcoFAB_Brachypodium_Yes_21,Root_EcoFAB_Brachypodium_Yes_8_21,Root_EcoFAB_Brachypodium_Yes_8_29_21
926R_inline18_IT018,G8 R4 _U,42,unattached sand,EcoFAB,Brachypodium,Yes,No,8,29,21,unattached sand_EcoFAB_Brachypodium_Yes_8,unattached sand_EcoFAB_Brachypodium_Yes_21,unattached sand_EcoFAB_Brachypodium_Yes_8_21,unattached sand_EcoFAB_Brachypodium_Yes_8_29_21
926R_inline19_IT061,G8 R5 _A,102,Attached sand,EcoFAB,Brachypodium,Yes,No,8,29,21,Attached sand_EcoFAB_Brachypodium_Yes_8,Attached sand_EcoFAB_Brachypodium_Yes_21,Attached sand_EcoFAB_Brachypodium_Yes_8_21,Attached sand_EcoFAB_Brachypodium_Yes_8_29_21
926R_inline19_IT068,G8 R5 _R,158,Root,EcoFAB,Brachypodium,Yes,No,8,29,21,Root_EcoFAB_Brachypodium_Yes_8,Root_EcoFAB_Brachypodium_Yes_21,Root_EcoFAB_Brachypodium_Yes_8_21,Root_EcoFAB_Brachypodium_Yes_8_29_21
926R_inline18_IT030,G8 R5 _U,43,unattached sand,EcoFAB,Brachypodium,Yes,No,8,29,21,unattached sand_EcoFAB_Brachypodium_Yes_8,unattached sand_EcoFAB_Brachypodium_Yes_21,unattached sand_EcoFAB_Brachypodium_Yes_8_21,unattached sand_EcoFAB_Brachypodium_Yes_8_29_21
926R_inline19_IT073,G8 R6 _A,103,Attached sand,EcoFAB,Brachypodium,Yes,No,8,29,21,Attached sand_EcoFAB_Brachypodium_Yes_8,Attached sand_EcoFAB_Brachypodium_Yes_21,Attached sand_EcoFAB_Brachypodium_Yes_8_21,Attached sand_EcoFAB_Brachypodium_Yes_8_29_21
926R_inline19_IT080,G8 R6 _R,159,Root,EcoFAB,Brachypodium,Yes,No,8,29,21,Root_EcoFAB_Brachypodium_Yes_8,Root_EcoFAB_Brachypodium_Yes_21,Root_EcoFAB_Brachypodium_Yes_8_21,Root_EcoFAB_Brachypodium_Yes_8_29_21
926R_inline18_IT042,G8 R6 _U,44,unattached sand,EcoFAB,Brachypodium,Yes,No,8,29,21,unattached sand_EcoFAB_Brachypodium_Yes_8,unattached sand_EcoFAB_Brachypodium_Yes_21,unattached sand_EcoFAB_Brachypodium_Yes_8_21,unattached sand_EcoFAB_Brachypodium_Yes_8_29_21
926R_inline19_IT085,G9 R1 _A,104,Attached sand,EcoFAB,Brachypodium,Yes,No,3,24,21,Attached sand_EcoFAB_Brachypodium_Yes_3,Attached sand_EcoFAB_Brachypodium_Yes_21,Attached sand_EcoFAB_Brachypodium_Yes_3_21,Attached sand_EcoFAB_Brachypodium_Yes_3_24_21
926R_inline19_IT092,G9 R1 _R,160,Root,EcoFAB,Brachypodium,Yes,No,3,24,21,Root_EcoFAB_Brachypodium_Yes_3,Root_EcoFAB_Brachypodium_Yes_21,Root_EcoFAB_Brachypodium_Yes_3_21,Root_EcoFAB_Brachypodium_Yes_3_24_21
926R_inline18_IT054,G9 R1 _U,45,unattached sand,EcoFAB,Brachypodium,Yes,No,3,24,21,unattached sand_EcoFAB_Brachypodium_Yes_3,unattached sand_EcoFAB_Brachypodium_Yes_21,unattached sand_EcoFAB_Brachypodium_Yes_3_21,unattached sand_EcoFAB_Brachypodium_Yes_3_24_21
926R_inline19_IT002,G9 R2 _A,105,Attached sand,EcoFAB,Brachypodium,Yes,No,3,24,21,Attached sand_EcoFAB_Brachypodium_Yes_3,Attached sand_EcoFAB_Brachypodium_Yes_21,Attached sand_EcoFAB_Brachypodium_Yes_3_21,Attached sand_EcoFAB_Brachypodium_Yes_3_24_21
926R_inline19_IT009,G9 R2 _R,161,Root,EcoFAB,Brachypodium,Yes,No,3,24,21,Root_EcoFAB_Brachypodium_Yes_3,Root_EcoFAB_Brachypodium_Yes_21,Root_EcoFAB_Brachypodium_Yes_3_21,Root_EcoFAB_Brachypodium_Yes_3_24_21
926R_inline18_IT066,G9 R2 _U,46,unattached sand,EcoFAB,Brachypodium,Yes,No,3,24,21,unattached sand_EcoFAB_Brachypodium_Yes_3,unattached sand_EcoFAB_Brachypodium_Yes_21,unattached sand_EcoFAB_Brachypodium_Yes_3_21,unattached sand_EcoFAB_Brachypodium_Yes_3_24_21
926R_inline19_IT014,G9 R3 _A,106,Attached sand,EcoFAB,Brachypodium,Yes,No,3,24,21,Attached sand_EcoFAB_Brachypodium_Yes_3,Attached sand_EcoFAB_Brachypodium_Yes_21,Attached sand_EcoFAB_Brachypodium_Yes_3_21,Attached sand_EcoFAB_Brachypodium_Yes_3_24_21
926R_inline19_IT021,G9 R3 _R,162,Root,EcoFAB,Brachypodium,Yes,No,3,24,21,Root_EcoFAB_Brachypodium_Yes_3,Root_EcoFAB_Brachypodium_Yes_21,Root_EcoFAB_Brachypodium_Yes_3_21,Root_EcoFAB_Brachypodium_Yes_3_24_21
926R_inline18_IT078,G9 R3 _U,47,unattached sand,EcoFAB,Brachypodium,Yes,No,3,24,21,unattached sand_EcoFAB_Brachypodium_Yes_3,unattached sand_EcoFAB_Brachypodium_Yes_21,unattached sand_EcoFAB_Brachypodium_Yes_3_21,unattached sand_EcoFAB_Brachypodium_Yes_3_24_21
926R_inline19_IT026,G9 R4 _A,107,Attached sand,EcoFAB,Brachypodium,Yes,No,3,24,21,Attached sand_EcoFAB_Brachypodium_Yes_3,Attached sand_EcoFAB_Brachypodium_Yes_21,Attached sand_EcoFAB_Brachypodium_Yes_3_21,Attached sand_EcoFAB_Brachypodium_Yes_3_24_21
926R_inline18_IT090,G9 R4 _U,48,unattached sand,EcoFAB,Brachypodium,Yes,No,3,24,21,unattached sand_EcoFAB_Brachypodium_Yes_3,unattached sand_EcoFAB_Brachypodium_Yes_21,unattached sand_EcoFAB_Brachypodium_Yes_3_21,unattached sand_EcoFAB_Brachypodium_Yes_3_24_21
926R_inline19_IT038,G9 R5  _A,108,Attached sand,EcoFAB,Brachypodium,Yes,No,3,24,21,Attached sand_EcoFAB_Brachypodium_Yes_3,Attached sand_EcoFAB_Brachypodium_Yes_21,Attached sand_EcoFAB_Brachypodium_Yes_3_21,Attached sand_EcoFAB_Brachypodium_Yes_3_24_21
926R_inline19_IT045,G9 R5  _R,164,Root,EcoFAB,Brachypodium,Yes,No,3,24,21,Root_EcoFAB_Brachypodium_Yes_3,Root_EcoFAB_Brachypodium_Yes_21,Root_EcoFAB_Brachypodium_Yes_3_21,Root_EcoFAB_Brachypodium_Yes_3_24_21
926R_inline18_IT007,G9 R5  _U,49,unattached sand,EcoFAB,Brachypodium,Yes,No,3,24,21,unattached sand_EcoFAB_Brachypodium_Yes_3,unattached sand_EcoFAB_Brachypodium_Yes_21,unattached sand_EcoFAB_Brachypodium_Yes_3_21,unattached sand_EcoFAB_Brachypodium_Yes_3_24_21
926R_inline19_IT050,G9 R6 _A,109,Attached sand,EcoFAB,Brachypodium,Yes,No,3,24,21,Attached sand_EcoFAB_Brachypodium_Yes_3,Attached sand_EcoFAB_Brachypodium_Yes_21,Attached sand_EcoFAB_Brachypodium_Yes_3_21,Attached sand_EcoFAB_Brachypodium_Yes_3_24_21
926R_inline19_IT057,G9 R6 _R,165,Root,EcoFAB,Brachypodium,Yes,No,3,24,21,Root_EcoFAB_Brachypodium_Yes_3,Root_EcoFAB_Brachypodium_Yes_21,Root_EcoFAB_Brachypodium_Yes_3_21,Root_EcoFAB_Brachypodium_Yes_3_24_21
926R_inline18_IT019,G9 R6 _U,50,unattached sand,EcoFAB,Brachypodium,Yes,No,3,24,21,unattached sand_EcoFAB_Brachypodium_Yes_3,unattached sand_EcoFAB_Brachypodium_Yes_21,unattached sand_EcoFAB_Brachypodium_Yes_3_21,unattached sand_EcoFAB_Brachypodium_Yes_3_24_21
926R_inline18_IT037,SynCom_1 _liq,4,SynCom mix,liquid,None,Yes,No,0,0,0,SynCom mix_liquid_None_Yes_0,SynCom mix_liquid_None_Yes_0,SynCom mix_liquid_None_Yes_0_0,SynCom mix_liquid_None_Yes_0_0_0
926R_inline18_IT049,SynCom_2 _liq,5,SynCom mix,liquid,None,Yes,No,0,0,0,SynCom mix_liquid_None_Yes_0,SynCom mix_liquid_None_Yes_0,SynCom mix_liquid_None_Yes_0_0,SynCom mix_liquid_None_Yes_0_0_0
